CÓDIGO,DESCRIÇÃO,QTDE.,VALOR UNITARIO (R$) ,VALOR TOTAL (R$),PERCENTUAL_IDIVIDUAL,PERCENTUAL_ACUMULADO,CLASSE
63-21-08-009 O ,"CORTINA ESTILO PAINEL, COLEÇÃO BLACKOUT(TECIDO BLACKOUT LAVÁVEL), COR BEGE - FORNECIMENTO E INSTALAÇÃO","690,00 ","R$ 725,84","R$ 500.829,60","12,70495399","12,70495399",A
62-23-52-002 U ,PISO VINÍLICO PADRÃO MADEIRA EM RÉGUACOR CEDRO - FONECIMENTO E INSTALAÇÃO,"  992,00 ","R$ 472,73","R$ 468.948,16","11,89619143","24,60114542",A
66-22-07-006 O ,"FORRO ACÚSTICO DE FIBRA MINERAL REMOVÍVEL, MODULAÇÃO 625X625MM,APOIADO EM PERFIS METÁLICOS TIPO T SUSPENSOS POR PERFIS RIGIDOS, E=15MM - FORNECIMENTO E INSTALAÇÃO","  992,00 ","R$ 294,78","R$ 292.421,76","7,418101899","32,01924732",A
63-23-27-002 O ,"DIVISÓRIA (N3) PAINEL/VIDRO/PAINEL MSO/COLMEIA, E=35MM, PERFIS EM AÇO GALV. PINTADO, COLOCADA","  720,00 ","R$ 350,88","R$ 252.633,60","6,408763109","38,42801043",A
01-12-05-005 C H,"CABO ELETRÔNICO CATEGORIA 6A, INSTALADO EM EDIFICAÇÃO RESIDENCIAL - FORNECIMENTO E INSTALAÇÃO. AF_11/2019 CS: 98298","  11.500,00 ","R$ 17,15","R$ 197.225,00","5,003167846","43,43117828",A
01-12-03-016 C ,"AR CONDICIONADO SPLIT INVERTER, PISO TETO, 24000 BTU/H, CICLO FRIO - FORNECIMENTO E INSTALAÇÃO. AF_11/2021_PSE CS: 103258","  10,00 ","R$ 15.425,69","R$ 154.256,90","3,913160918","47,3443392",A
01-12-03-014 C ,"AR CONDICIONADO SPLIT INVERTER, PISO TETO, 18000 BTU/H, CICLO FRIO - FORNECIMENTO E INSTALAÇÃO. AF_11/2021_PSE CS: 103256","  11,00 ","R$ 13.794,16","R$ 151.735,76","3,849205098","51,19354429",A
02-02-01-033 O ,"ADMINISTRAÇÃO LOCAL PARA O.S. ENTRER$ 1.180.000,01 A R$ 1.230.000,00","  2,00 ","R$ 109.315,63","R$ 150.855,57","3,826876583","55,02042088",A
01-19-13-008 C ,"CONTRAPISO EM ARGAMASSA PRONTA, PREPAROMANUAL, APLICADO EM ÁREAS SECAS SOBRE LAJE, ADERIDO, ACABAMENTO NÃO REFORÇADO, ESPESSURA 3CM. AF_07/2021 CS: 87634","  992,00 ","R$ 144,75","R$ 143.592,00","3,642615679","58,66303656",A
01-11-08-072 C H,"CABO DE COBRE FLEXÍVEL ISOLADO, 95 MM², 0,6/1,0 KV, PARA REDE AÉREA DE DISTRIBUIÇÃO DE ENERGIA ELÉTRICA DE BAIXA TENSÃO - FORNECIMENTO E INSTALAÇÃO. AF_07/2020 CS: 101567","  1.450,00 ","R$ 76,47","R$ 110.881,50","2,812821678","61,47585823",A
63-20-11-004 O ,PINTURA ACRÍLICA SEMI-BRILHO SUVINIL NACOR BRANCO NEVE,"  2.500,00 ","R$ 43,28","R$ 108.200,00","2,744797875","64,22065611",A
01-11-03-009 C ,"CABO DE COBRE FLEXÍVEL ISOLADO, 10 MM²,ANTI-CHAMA 450/750 V, PARA CIRCUITOS TERMINAIS - FORNECIMENTO E INSTALAÇÃO. AF_03/2023 CS: 91932","  4.500,00 ","R$ 20,18","R$ 90.810,00","2,303651525","66,52430764",A
63-09-01-004 U H,ELETROCALHA PERFURADA EM AÇO GALVANIZADO 400X100X3000MM COM TAMPA - FORNECIMENTO E INSTALAÇÃO,"  180,00 ","R$ 480,44","R$ 86.479,20","2,19378858","68,71809622",A
66-23-68-020 U H,"FIO ISOLADO DE PVC SEÇÃO 2,5MM 750V-ºC","  11.500,00 ","R$ 7,08","R$ 81.420,00","2,065447717","70,78354393",A
66-23-68-023 U H,"FIO ISOLADO DE PVC SEÇÃO 6,0MM2 750 - 70ºC","  7.500,00 ","R$ 10,62","R$ 79.650,00","2,02054668","72,80409061",A
66-23-91-084 O H,GµS REFRIGERANTE R410A - FORNECIMENTO E INSTALACAO,"  750,00 ","R$ 97,07","R$ 72.802,50","1,846840548","74,65093116",A
66-23-68-021 U H,"FIO ISOLADO DE PVC  SEÇÃO 4,0MM 2750 - 70ºC","  8.000,00 ","R$ 8,73","R$ 69.840,00","1,771688388","76,42261955",A
01-12-03-019 C ,"AR CONDICIONADO SPLIT INVERTER, PISO TETO, 36000 BTU/H, CICLO FRIO - FORNECIMENTO E INSTALAÇÃO. AF_11/2021_PSE CS: 103261","  4,00 ","R$ 17.404,50","R$ 69.618,00","1,766056733","78,18867628",A
66-23-91-328 O ,ESTRUTURA METÁLICA PARA INSTALAÇÃO DEFORRO DE PVC EM PLACA,"  992,00 ","R$ 68,29","R$ 67.743,68","1,718509324","79,90718561",A
66-23-17-801 O ,REVISÃO DE ESQUADRIAS EM ALUMÍNIO ATÉ 30% DE SUBSTITUIÇÃO - FORNECIMENTO E INSTALAÇÃO,"  420,00 ","R$ 157,75","R$ 66.255,00","1,680744762","81,58793037",A
64-23-21-633 O ,LUMINÁRIA TIPO PLAFON HERMÉTICO DE SOBREPOR IP65 COM 2 LÂMPADAS DE LED DE 32W BIVOLT - DIMERIZÁVEL,"  80,00 ","R$ 808,41","R$ 64.672,80","1,6406078","83,22853817",A
64-23-23-500 O N,"SWITCH GERENCIÁVEL,48 PORTAS RJ-45,4 POR TAS SFP,LAYER 2 (CISCO 085350-24T-4G-BRUBIQUITI USW-PRO-48-POE, FORTINET OU SIMILAR TÉCNICO - FORNECIMENTO E INSTALAÇÃO","  3,00 ","R$ 21.404,45","R$ 64.213,35","1,628952557","84,85749072",A
66-23-91-067 O ,ESTUCAGEM DE BASE PARA PISO VINÍLICO OUCARPETE,"  992,00 ","R$ 60,65","R$ 60.164,80","1,526249678","86,3837404",A
01-12-03-023 C ,"AR CONDICIONADO SPLIT INVERTER, PISO TETO, APRESENTANDO ENTRE 54000 E 58000 BTU/H, CICLO FRIO - FORNECIMENTO E INSTALAÇÃO. AF_11/2021_PE CS: 103265","  2,00 ","R$ 29.153,43","R$ 58.306,86","1,479117795","87,8628582",A
64-24-13-001 O ,"PAREDE EM GESSO ACARTONADO (DRYWALL), RESISTENITE À UMIDADE (RU) COM PLACAS NASDUAS FACES, PARAFUSADAS EM PERFIS METÁLICOS(SEM VÃO) - FORNECIMENTO E INSTALAÇÃO","  180,00 ","R$ 275,44","R$ 49.579,20","1,257716107","89,1205743",A
02-02-01-019 O ,"ADMINISTRAÇÃO LOCAL PARA O.S. ENTRER$ 480.000,01 A R$ 530.000,00","  1,00 ","R$ 47.105,06","R$ 47.105,06","1,194952575","90,31552688",A
"02-01-01-011 O H
90776",ADICIONAL DE HORA EXTRA AOS DOMINGOS E FERIADOS DE 110% - ENCARREGADO COM ENCARGOS COMPLEMENTARES  CS:90776,"  1.240,00 ","R$ 34,20","R$ 42.408,00","1,075798413","91,39132529",A
62-23-74-207 U H,"TUBULACAO FRIGORÖGENA DE INTERLIGACAO P/SPLIT 22.000 E 24.000BTUïS/H,COM TUBO DECOBRE, CABO PP 4X2,5MM, FITA ISOLANTE TRMICA E ALUMINIZADA, ABRA€ADEIRA DE  NYLON E GALV. COM MÇO-DE-OBRA PARA 20,0M","  20,00 ","R$ 2.095,13","R$ 41.902,60","1,062977518","92,45430281",A
66-23-91-086 U H,"TUBULACAO FRIGORÖGENA DE INTERLIGACAO P/SPLIT 12.000 A 18.000BTUïS/H,COM TUBO DECOBRE, CABO PP 4X2,5MM, FITA ISOLANTE TRMICA E ALUMINIZADA, ABRA€ADEIRA DE  NYLON E GALV. COM MÇO-DE-OBRA PARA 20,0M","  22,00 ","R$ 1.895,26","R$ 41.695,72","1,057729424","93,51203223",A
01-18-01-022 O ,"EMASSAMENTO COM MASSA LÁTEX, APLICAÇÃO EM PAREDE, UMA DEMÃO, LIXAMENTO MANUAL. AF_04/2023 CS: 88495","  2.500,00 ","R$ 15,33","R$ 38.325,00","0,9722216133","94,48425385",A
"02-01-01-010 O H
88264",ADICIONAL DE HORA EXTRA AOS DOMINGOS E FERIADOS DE 110% - ELETRICISTA COM ENCARGOS COMPLEMENTARES  CS:88264,"  1.240,00 ","R$ 28,77","R$ 35.674,80","0,9049918228","95,38924567",A
63-20-03-004 O H,"QGBT-SAC, CONFORME DIAGRAMA UNIFILAR EM
PROJETO","  2,00 ","R$ 16.377,72","R$ 32.755,44","0,8309340306","96,2201797",A
63-20-09-009 O ,"RETIRADA E RECOLOCAÇÃO DE BRISE EM FIBRA DE VIDRO EXISTENTE C/ 100% DE REAPROV.INCL. FIXAÇÃO C/ DESENVOLV. 70X660CM, NOVOS PARAFUSOS DE AÇO INOX, EXCL. O CINTO SEGURANÇA, EXCLUS. ANDAIME","  650,00 ","R$ 47,66","R$ 30.979,00","0,7858696245","97,00604933",A
66-23-91-292 U H,"CABO ALARME DE INCÒNDIO BLINDADO 2X1,5MM COM SHIELD - FORNECIMENTO E INSTALACAO","  2.200,00 ","R$ 13,67","R$ 30.074,00","0,7629117495","97,76896108",A
62-23-74-180 U H,DETECTOR DE FUMA€A àPTICO ENDERE€µVEL - FORNECIMENTO E INSTALACAO,"  130,00 ","R$ 230,06","R$ 29.907,80","0,7586956182","98,52765669",A
66-23-91-062 U ,"TRANSPORTE VERTICAL MANUAL DE MATERIAISA GRANEL, COM CARRINHO OU GERICA, DO TÉRREO ATÉ A 5A. LAJE","  100,00 ","R$ 294,73","R$ 29.473,00","0,747665691","99,27532238",A
64-23-74-099 O H,CANALETA DE PVC 110X20MM SISTEMA X,"  420,00 ","R$ 69,73","R$ 29.286,60","0,7429371298","100,0182595",A
"02-01-01-025 O H
90776",ADICIONAL DE HORA EXTRA AOS SÁBADOS 70% - ENCARREGADO COM ENCARGOS ECOMPLEMENTARES  CS:90776,"  1.240,00 ","R$ 21,76","R$ 26.982,40","0,6844846043","100,7027441",A
"02-01-01-002 O H
88243",ADICIONAL DE HORA EXTRA AOS DOMINGOS E FERIADOS DE 110% - AJUDANTE ESPECIALIZADO COM COMPLEMENTARES  CS:88243,"  1.240,00 ","R$ 21,66","R$ 26.858,40","0,6813389949","101,3840831",A
64-23-21-687 O ,"PORTA SEMI-OCA PARA DIVISÓRIA, 0,80X2,10M, COM LAMINADO TEXTURIZADO DA COR AREIAJUNDIAÍ E PERFIL EM AÇO GALVANIZADO PIN-TADO NA COR BRANCA - FORNECIMENTO E INSTALAÇÃO","  25,00 ","R$ 991,64","R$ 24.791,00","0,6288935686","102,0129767",A
01-26-01-096 O H,"ENGENHEIRO ELETRICISTA COM ENCARGOS COMPLEMENTARES INCC:1,06619","  240,00 ","R$ 98,31","R$ 23.594,40","0,5985384379","102,6115151",A
66-23-68-106 O H,"PERFILADO LISO EM CHAPA DE AÇO, COM TAMPA,DIMENSÕES 38 X 38 MM","  375,00 ","R$ 61,88","R$ 23.205,00","0,5886602097","103,2001753",A
66-23-91-308 U H,"ACIONADOR MANUAL ANALàGICO, ENDERE€µVEL SEM ISOLADOR DE CURTO CIRCUITO, MOD. APOLLO, MARCA GLOBAL FIRE - FORNECIMENTO E INSTALACAO (ORSE 12016)","  22,00 ","R$ 966,32","R$ 21.259,04","0,5392954512","103,7394708",A
63-09-01-002 U H,ELETROCALHA PERFURADA EM AÇO GALVANIZADO 200X100X3000MM COM TAMPA - FORNECIMENTO E INSTALAÇÃO,"  150,00 ","R$ 140,80","R$ 21.120,00","0,5357683098","104,2752391",A
62-23-74-330 U ,"DIVISÓRIA GRANITO CINZA ANDORINHA E=3,0CM,ASSENTADO COM ARGAMASSA TRAÇO 1:4(CIMENTO E AREIA)ARREMATE COM CIMENTO E PERFIL EM AÇO INOX TIPO CANTONEIRA","  20,00 ","R$ 1.047,39","R$ 20.947,80","0,5313999716","104,8066391",A
62-23-74-187 U H,"TUBULACAO FRIGORÖGENA DE INTERLIGACAO P/SPLIT 36.000 BTUïS/H, COM TUBO DE COBRE E CABO PP 4X2,5MM, FITA ISOLANTE TRMICA ALUMINIZADA, ABRA€ADEIRA DE  NYLON E GALVANIZADA COM MÇO-DE-OBRA PARA 20,0M","  8,00 ","R$ 2.512,08","R$ 20.096,64","0,5098078999","105,316447",A
63-21-09-009 O ,BOMBA DE DRENO PARA AR CONDICIONADO SPLIT DE ATÉ 30.000 BTU - FORNECIMENTO E INSTALAÇÃO,"  27,00 ","R$ 735,08","R$ 19.847,28","0,5034822874","105,8199292",A
62-23-74-330 U ,"DIVISÓRIA GRANITO CINZA ANDORINHA E=3,0CM,ASSENTADO COM ARGAMASSA TRAÇO 1:4(CIMENTO E AREIA)ARREMATE COM CIMENTO E PERFIL EM AÇO INOX TIPO CANTONEIRA","  18,00 ","R$ 1.047,39","R$ 18.853,02","0,4782599744","106,2981892",B
01-15-06-003 C ,"TRANSPORTE COM CAMINHÃO BASCULANTE DE 6M³, EM VIA URBANA PAVIMENTADA, DMT ATÉ 30 KM (UNIDADE: TXKM). AF_07/2020 CS: 97918","  7.500,00 ","R$ 2,40","R$ 18.000,00","0,4566207186","106,7548099",B
01-16-01-017 C ,ALVENARIA DE VEDAÇÃO DE BLOCOS CERÂMICOS FURADOS NA HORIZONTAL DE 9X9X19 CM (ESPESSURA 9 CM) E ARGAMASSA DE ASSENTAMENTO COM PREPARO MANUAL. AF_12/2021 CS: 103351,"  75,00 ","R$ 237,41","R$ 17.805,75","0,45169302","107,206503",B
"02-01-01-018 O H
88243",ADICIONAL DE HORA EXTRA AOS SÁBADOS 70% - AJUDANTE ESPECIALIZADO COM ENCARGOS COMPLEMENTARESCS:88243,"  1.240,00 ","R$ 13,79","R$ 17.099,60","0,4337795355","107,6402825",B
62-23-74-288 U ,LIXAMENTO MANUAL COM LIXA EM PINTURA EXISTENTE,"  2.500,00 ","R$ 6,80","R$ 17.000,00","0,4312529009","108,0715354",B
01-11-03-008 C H 91931,"CABO DE COBRE FLEXÖVEL ISOLADO, 6 MMý, ANTI-CHAMA 0,6/1,0 KV, PARA CIRCUITOS TERMINAIS - FORNECIMENTO E INSTALACAO. AF_03/2023 CS: 91931","  2.000,00 ","R$ 8,38","R$ 16.760,00","0,4251646246","108,4967",B
01-12-01-004 C H 101907,"EXTINTOR DE INCÒNDIO PORTµTIL COM CARGA DE CO2 DE 6 KG, CLASSE BC - FORNECIMENTO E INSTALACAO. AF_10/2020_PE CS: 101907","  24,00 ","R$ 690,60","R$ 16.574,40","0,4204563577","108,9171564",B
64-23-74-184 O H,"ELETRODUTO DE PVC COM CONEXÕES, 3/4``COR BRANCA - FORNECIMENTO E INSTALAÇÃO","  850,00 ","R$ 18,72","R$ 15.912,00","0,4036527152","109,3208091",B
63-20-11-004 O ,PINTURA ACRÍLICA SEMI-BRILHO SUVINIL NACOR BRANCO NEVE,"  360,00 ","R$ 43,28","R$ 15.580,80","0,395250894","109,71606",B
64-23-74-099 O H,CANALETA DE PVC 110X20MM SISTEMA X,"  220,00 ","R$ 69,73","R$ 15.340,60","0,3891575442","110,1052175",B
62-23-74-297 U ,"REVESTIMENTO CERÂMICO RETIFICADO 30 X 60BRANCO COM ACABAMENTO ACETINADO DA PORTOBELLO, OU EQUIVALENTE TÉCNICO, ASSENTADOCOM ARGAMASSA INDUSTRIALIZADO AC III, INCLUSIVE REJUNTE","  75,00 ","R$ 193,91","R$ 14.543,25","0,3689305148","110,474148",B
"01-13-01-040 C H
89865","TUBO, PVC, SOLDµVEL, DN 25MM, INSTALADO EM DRENO DE AR-CONDICIONADO - FORNECIMENTO E INSTALACAO. AF_08/2022 CS: 89865","  900,00 ","R$ 16,09","R$ 14.481,00","0,3673513681","110,8414994",B
65-21-03-014 O ,"LOCAÇÃO DE ANDAIME METÁLICO TUBULAR TIPOTORRE 1X1,5M, INCLUSIVE PISO METÁLICO DE 1X1,5M E RODÍZIOS DE POLIURETANO COM FREIOS","  100,00 ","R$ 130,03","R$ 13.003,00","0,3298577335","111,1713572",B
62-23-68-036 O H,BUCHA COM ARRUELA EM ZAMAK P/ELETRODUTO Ø 32 MM (1 1/4),"  1.000,00 ","R$ 12,00","R$ 12.000,00","0,3044138124","111,475771",B
66-23-90-033 O H,ELETRODUTO GALVANIZADO DIAMETRO 3/4 - FORNECIMENTO E INSTALACAO,"  800,00 ","R$ 14,77","R$ 11.814,88","0,299717722","111,7754887",B
64-23-21-672 U H,DETECTOR àPTICO DE FUMA€A TERMOVELOCIMTRICO ENDERE€µVEL - FORNECIMENTO E INSTALACAO,"  50,00 ","R$ 230,06","R$ 11.503,00","0,291806007","112,0672947",B
62-23-74-184 O H,"TUBULACAO FRIGORÖGENA DE INTERLIGACAO P/ SPLIT 60.000 BTUïS/H, COM TUBO DE COBRE E CABO PP 4X2,5MM, FITA ISOLANTE TRMICA ALUMINIZADA, ABRA€ADEIRA DE  NYLON E GALVANIZADA COM MÇO-DE-OBRA PARA 20,0M","  4,00 ","R$ 2.612,95","R$ 10.451,80","0,265139357","112,332434",B
01-12-05-010 C H,"PATCH PANEL 48 PORTAS, CATEGORIA 6 - FORNECIMENTO E INSTALAÇÃO. AF_11/2019 CS: 98304","  3,00 ","R$ 3.097,12","R$ 9.291,36","0,2357015267","112,5681356",B
62-23-65-149 U H,TIRANTE ROSCA TOTAL 5/16 - FORNECIMENTO E INSTALAÇÃO,"  460,00 ","R$ 20,13","R$ 9.259,80","0,2349009183","112,8030365",B
62-23-68-087 U ,"PORTA DE ALUMÍNIO DE ABRIR TIPO VENEZIANA COM ACABAMENTO LETROSTÁTICA BRANCA DIM.: 60X210CM, COMPLETA - FORNECIMENTO E INSTALAÇÃO","  4,00 ","R$ 2.225,53","R$ 8.902,12","0,2258273573","113,0288639",B
62-23-68-087 U ,"PORTA DE ALUMÍNIO DE ABRIR TIPO VENEZIANA COM ACABAMENTO LETROSTÁTICA BRANCA DIM.: 60X210CM, COMPLETA - FORNECIMENTO E INSTALAÇÃO","  4,00 ","R$ 2.225,53","R$ 8.902,12","0,2258273573","113,2546912",B
63-21-11-107 O ,TRANSPORTE HORIZONTAL DE MATERIAIS DIVERSOS A 60M DE DISTÂNCIA COM CARRINHO OUJERICA.,"  100,00 ","R$ 88,56","R$ 8.856,00","0,2246573935","113,4793486",B
63-24-20-412 U ,"PORTA EM ALUMÍNIO ANODIZADO BRANCO, VENEZIANA, DE ABRIR, 0,80 X 2,10M - FORNECIMENTO E INSTALAÇÃO","  3,00 ","R$ 2.855,94","R$ 8.567,82","0,2173468958","113,6966955",B
64-23-23-576 O ,RETIRADA DE ENTULHO DA OBRA UTILIZANDOCAIXA COLETORA METÁLICA PARA ATÉ 5M3,"  20,00 ","R$ 411,08","R$ 8.221,60","0,20856405","113,9052595",B
01-13-10-059 C H,"SUPORTE PARA ELETROCALHA LISA OU PERFURA DA EM AÇO GALVANIZADO, LARGURA 400 MM, EM PERFILADO COM COMPRIMENTO DE 45 CM FIXADO EM LAJE, POR METRO DE ELETROCALHA FIXADA. AF_09/2023 CS: 96562","  180,00 ","R$ 45,65","R$ 8.217,00","0,208447358","114,1137069",B
"02-01-01-024 O H
88264",ADICIONAL DE HORA EXTRA AOS SÁBADOS 70% -ELETRICISTA COM ENCARGOS COMPLEMENTARES CS:88264,"  440,00 ","R$ 18,30","R$ 8.052,00","0,2042616681","114,3179686",B
62-23-65-100 O H,"CAIXA DE PASSAGEM EM PVC, SOBREPOR, DIMENSÕES 20X20X10 CM - FORNECIMENTO E INSTALAÇÃO - ELÉTRICA","  42,00 ","R$ 186,62","R$ 7.838,04","0,1988339698","114,5168025",B
62-23-65-172 O H,"ELETRODUTO DE PVC COM CONEXÕES, 1``COR BRANCA","  350,00 ","R$ 21,54","R$ 7.539,00","0,1912479776","114,7080505",B
62-23-65-002 U H,"TOMADA SISTEMA X  2P+T,  PADRÃO BRASILEIRO DUPLA 10A, 250VCA CONFORME ABNT NBR14136, A 0,40 DE ALTURA","  150,00 ","R$ 50,17","R$ 7.525,50","0,1909055121","114,898956",B
63-24-20-203 O H,"INSTALACAO DE CONDICIONADOR DE AR TIPO SPLIT HIGH WALL, 18.000 BTU/H - APENAS M.O. (NOVO)","  11,00 ","R$ 666,00","R$ 7.326,00","0,1858446325","115,0848007",B
63-23-91-019 O ,"PORTA DE MADEIRA MACIÇA COMPLETA, COM FECHADURA - INSTALADA","  11,76 ","R$ 584,74","R$ 6.876,54","0,174442874","115,2592435",B
62-23-68-002 U H,"BLOCO AUTÔNOMO DE ILUMINAÇÃO DE EMERGÊNCIA (ACLARAMENTO)30 LEDS SEM PICTOGRAMA, LED DE 2W DE ALTA INTENSIDADE.","  30,00 ","R$ 225,85","R$ 6.775,50","0,1718796488","115,4311232",B
65-21-13-310 U ,CARGA MANUAL DE RESÍDUOS DE NATUREZAS DIVERSAS EM CAMINHÃO COM CARROCERIA,"  100,00 ","R$ 66,88","R$ 6.688,00","0,1696599648","115,6007832",B
63-24-20-204 O H,"INSTALACAO DE CONDICIONADOR DE AR TIPO SPLIT HIGH WALL, 24.000 BTU/H - APENAS M.O. (NOVO)","  10,00 ","R$ 666,00","R$ 6.660,00","0,1689496659","115,7697328",B
62-23-74-273 U ,"REBOCO PARA PAREDE INTERNA OU EXTERNA,COM ARGAMASSA PRÉ-FABRICADA,E=5MM","  150,00 ","R$ 44,24","R$ 6.636,00","0,1683408383","115,9380737",B
62-23-68-085 U ,"PORTA DE ALUMÍNIO DE ABRIR TIPO VENEZIANA COM ACABAMENTO LETROSTÁTICA BRANCA DIM.: 90X210CM, COMPLETA - FORNECIMENTO E INSTALAÇÃO","  2,00 ","R$ 3.301,81","R$ 6.603,62","0,1675194283","116,1055931",B
62-23-65-100 O H,"CAIXA DE PASSAGEM EM PVC, SOBREPOR, DIMENSÕES 20X20X10 CM - FORNECIMENTO E INSTALAÇÃO - ELÉTRICA","  35,00 ","R$ 186,62","R$ 6.531,70","0,1656949749","116,2712881",B
63-20-11-004 O ,PINTURA ACRÍLICA SEMI-BRILHO SUVINIL NACOR BRANCO NEVE,"  150,00 ","R$ 43,28","R$ 6.492,00","0,1646878725","116,4359759",B
66-23-91-017 U ,LONA PLÁSTICA PRETA ESP.= 150 MICRAS (ORSE/3642),"  750,00 ","R$ 8,19","R$ 6.142,50","0,1558218202","116,5917978",B
01-21-04-250,MONTAGEM E DESMONTAGEM DE ANDAIME TUBULAR TIPO ?TORRE? (EXCLUSIVE ANDAIME E LIMPEZA). AF_11/2017 CS: 97064,"  200,00 ","R$ 29,86","R$ 5.971,29","0,1514784845","116,7432762",B
73-22-33-079 O ,TIRANTE COM ROSCA TOTAL Ø=3/8 PARA FIXAÇÃO DE ELETROCALHAS E CANTONEIRAS DE SUPORTE DOS DUTOS DE AR CONDICIONADOS E AFINS,"150,00 ","R$ 39,80","R$ 5.970,00","0,1514458717","116,8947221",B
66-23-68-024 U H,"CABO ÓPTICO, MULTIMODO, 50/125, EXTERNO,ANTI-ROEDOR, 04 FIBRAS ÓPTICAS, FURUKA_WA OU SIMILAR TÉCNICO","  250,00 ","R$ 22,23","R$ 5.557,50","0,1409816469","117,0357038",B
63-23-01-993 O H,AVISADOR AUDIO VISUAL ENDERE€µVEL - FORNECIMENTO E INSTALACAO,"  22,00 ","R$ 251,81","R$ 5.539,82","0,1405331438","117,1762369",B
01-18-01-022 O ,"EMASSAMENTO COM MASSA LÁTEX, APLICAÇÃO EM PAREDE, UMA DEMÃO, LIXAMENTO MANUAL. AF_04/2023 CS: 88495","  360,00 ","R$ 15,33","R$ 5.518,80","0,1399999123","117,3162368",B
62-23-74-076 U H,"ABRACADEIRA EM ACO =3/4, TIPO D, C/ PARAFUSO DE FIXACAO","  800,00 ","R$ 6,82","R$ 5.456,00","0,1384068134","117,4546436",B
63-09-01-002 U H,ELETROCALHA PERFURADA EM AÇO GALVANIZADO 200X100X3000MM COM TAMPA - FORNECIMENTO E INSTALAÇÃO,"  37,00 ","R$ 140,80","R$ 5.209,60","0,1321561831","117,5867998",B
63-21-03-025 O H,SUPORTE EM CHAPA DE AÇO PARA PERFILADO - FORNECIMENTO E INSTALAÇÃO,"  375,00 ","R$ 13,73","R$ 5.148,75","0,1306125514","117,7174124",B
63-21-05-079 O ,LIMPEZA FINAL DA OBRA (9537),"  1.000,00 ","R$ 5,01","R$ 5.010,00","0,1270927667","117,8445051",B
01-11-03-004 C H 91927,"CABO DE COBRE FLEXÖVEL ISOLADO, 2,5 MMý, ANTI-CHAMA 0,6/1,0 KV, PARA CIRCUITOS TERMINAIS - FORNECIMENTO E INSTALACAO. AF _03/2023 CS: 91927","  1.200,00 ","R$ 4,06","R$ 4.872,00","0,1235920078","117,9680971",B
63-21-03-029 O H,PORCA E ARRUELA PARA PARAFUSOS COM Ø=1/4- FORNECIMENTO E INSTALAÇÃO,"  1.200,00 ","R$ 3,72","R$ 4.464,00","0,1132419382","118,0813391",B
64-23-74-096 O H,CAIXA DE SOBREPOR SISTEMA X P/ CANALETA 110X20MM,"  150,00 ","R$ 28,84","R$ 4.326,00","0,1097411794","118,1910803",B
62-23-74-118 O H,"SUPORTE MÇO FRANCESA EM PERFIS GALVANIZADOS PARA UNIDADES COND. 18000BTUS (PAR), INCLUSIVE PARAFUSOS DE FIXACAO - INSTALADO","  27,00 ","R$ 156,33","R$ 4.220,91","0,1070752754","118,2981555",B
63-24-20-206 O H,"INSTALACAO DE CONDICIONADOR DE AR TIPO SPLIT PISO-TETO, 36.000 BTU/H - APENAS M.O. (NOVO)","  4,00 ","R$ 1.017,50","R$ 4.070,00","0,103247018","118,4014025",B
64-23-74-097 O H,"DERIVAÇÃO DE 110X20MM, SISTEMA X","  190,00 ","R$ 21,35","R$ 4.056,50","0,1029045525","118,5043071",B
"01-13-10-023 C H
90462","SUPORTE PARA 2 TUBOS VERTICAIS, ESPACEADO A CADA 150 CM, EM PERFILADO COM COMPRIMENTO DE 25 CM FIXADO EM PAREDE, POR METRO DE TUBULACAO FIXADA. AF_09/2023 CS: 90462","  900,00 ","R$ 4,48","R$ 4.032,00","0,102283041","118,6065901",B
66-23-91-143 U ,CARGA MANUAL DE ENTULHO EM CAMINHAO BASCULANTE 6 M3  (72897),"  100,00 ","R$ 39,85","R$ 3.985,00","0,1010907535","118,7076809",B
63-22-04-032 O H,"CONDULETE DE ALUMÖNIO, TIPO TB, PARA ELE TRODUTO DE A€O GALVANIZADO DN 20 MM (3/4), COM TAMPA, APARENTE - FORNECIMENTO E INSTALACAO","  110,00 ","R$ 35,78","R$ 3.935,80","0,0998426569","118,8075236",B
66-23-25-002 U H,"CENTRAL DE ALARME ENDERE€AVEL, 2 LA€OS COM AT 250 DISPOSITIVOS CADA - FORNECIMENTO E INSTALACAO","  1,00 ","R$ 3.821,96","R$ 3.821,96","0,09695478453","118,9044783",B
63-21-03-028 O H,CONDULETE DE PVC RÍGIDO ENCAIXE PARA ELETRODUTO RÍGIDO Ø 32 MM (1´´),"  150,00 ","R$ 25,24","R$ 3.786,00","0,09604255781","119,0005209",B
62-24-18-902 U ,LUVA PARA ELETRODUTO GALVANIZADO DE 1''- FORNECIMENTO E INSTALÇÃO,"  330,00 ","R$ 11,34","R$ 3.741,13","0,09490424041","119,0954251",B
67-23-68-027 O H,"ABRAÇADEIRA EM PVC PARA ELETRODUTO PARA CONDULETE Ø=3/4, INCLUINDO BUCHA E PARAFUSO","  450,00 ","R$ 7,99","R$ 3.595,50","0,09120998854","119,1866351",B
63-21-05-049 O H,TERMINAL OU CONECTOR DE PRESSÃO 6MM2 - FORNECIMENTO E INSTALAÇÃO,"  200,00 ","R$ 17,73","R$ 3.546,00","0,08995428156","119,2765894",B
01-13-01-028 C ,"TUBO PVC, SERIE NORMAL, ESGOTO PREDIAL,DN 100 MM, FORNECIDO E INSTALADO EM RAMAL DE DESCARGA OU RAMAL DE ESGOTO SANITÁRIO. AF_08/2022 CS: 89714","  75,00 ","R$ 45,68","R$ 3.426,00","0,08691014344","119,3634995",B
01-13-01-028 C ,"TUBO PVC, SERIE NORMAL, ESGOTO PREDIAL,DN 100 MM, FORNECIDO E INSTALADO EM RAMAL DE DESCARGA OU RAMAL DE ESGOTO SANITÁRIO. AF_08/2022 CS: 89714","  75,00 ","R$ 45,68","R$ 3.426,00","0,08691014344","119,4504097",B
01-13-06-102 C ,"VASO SANITÁRIO SIFONADO COM CAIXA ACOPLADA, LOUÇA BRANCA - PADRÃO ALTO - FORNECIMENTO E INSTALAÇÃO. AF_01/2020 CS: 100878","  4,00 ","R$ 840,13","R$ 3.360,52","0,08524905873","119,5356587",B
01-13-06-102 C ,"VASO SANITÁRIO SIFONADO COM CAIXA ACOPLADA, LOUÇA BRANCA - PADRÃO ALTO - FORNECIMENTO E INSTALAÇÃO. AF_01/2020 CS: 100878","  4,00 ","R$ 840,13","R$ 3.360,52","0,08524905873","119,6209078",C
01-13-06-102 C ,"VASO SANITÁRIO SIFONADO COM CAIXA ACOPLADA, LOUÇA BRANCA - PADRÃO ALTO - FORNECIMENTO E INSTALAÇÃO. AF_01/2020 CS: 100878","  4,00 ","R$ 840,13","R$ 3.360,52","0,08524905873","119,7061569",C
62-23-68-085 U ,"PORTA DE ALUMÍNIO DE ABRIR TIPO VENEZIANA COM ACABAMENTO LETROSTÁTICA BRANCA DIM.: 90X210CM, COMPLETA - FORNECIMENTO E INSTALAÇÃO","  1,00 ","R$ 3.301,81","R$ 3.301,81","0,08375971416","119,7899166",C
62-23-68-085 U ,"PORTA DE ALUMÍNIO DE ABRIR TIPO VENEZIANA COM ACABAMENTO LETROSTÁTICA BRANCA DIM.: 90X210CM, COMPLETA - FORNECIMENTO E INSTALAÇÃO","  1,00 ","R$ 3.301,81","R$ 3.301,81","0,08375971416","119,8736763",C
62-23-68-085 U ,"PORTA DE ALUMÍNIO DE ABRIR TIPO VENEZIANA COM ACABAMENTO LETROSTÁTICA BRANCA DIM.: 90X210CM, COMPLETA - FORNECIMENTO E INSTALAÇÃO","  1,00 ","R$ 3.301,81","R$ 3.301,81","0,08375971416","119,957436",C
66-24-26-504 O H,DIO (DISTRIBUIDOR INTERNO ÓPTICO) RACK 9 6FO-SC-APC SM-2F-FDIO-96-APC-2FLEX - FORNECIMENTO E INSTALAÇÃO,"  3,00 ","R$ 1.077,96","R$ 3.233,88","0,0820364783","120,0394725",C
63-09-01-023 O H,EMENDA PARA ELETROCALHA 400X100MM - FORNECIMENTO E INSTALAÇÃO,"  180,00 ","R$ 17,84","R$ 3.211,20","0,08146113619","120,1209336",C
66-23-68-038 O H,"TOMADA DUPLA PARA LÓGICA RJ45, CAT.6,COM CAIXA PVC, SOBREPOR, COMPLETA","  50,00 ","R$ 62,91","R$ 3.145,50","0,07979447057","120,2007281",C
66-23-91-017 U ,LONA PLÁSTICA PRETA ESP.= 150 MICRAS (ORSE/3642),"  360,00 ","R$ 8,19","R$ 2.948,40","0,0747944737","120,2755226",C
66-23-68-101 U H,"ABRAÇADEIRA EM PVC P/ ELETRODUTO CINZA P/ CONDULETE, 1´´ INCL. PARAFUSO E BUCHA","  350,00 ","R$ 8,15","R$ 2.852,50","0,07236169999","120,3478843",C
66-23-05-001 O ,"BANCADA EM GRANITO BRANCO SIENA, ESP=2CM - FORNECIMENTO E ISNTALAÇÃO","  3,00 ","R$ 946,08","R$ 2.838,24","0,07199995491","120,4198842",C
64-23-74-144 O H,"PATCH CORD AZUL 1,5M CAT 6 E 2 CONECTORES RJ45 MACHO CAT6","  100,00 ","R$ 28,26","R$ 2.826,00","0,07168945282","120,4915737",C
66-23-90-009 U ,CONECTOR BOX RETO Ø=3/4 EM ALUMÍNIO PARAELETRODUTO - FORNECIMENTO E INSTALAÇÃO,"  350,00 ","R$ 7,84","R$ 2.745,14","0,06963814766","120,5612118",C
63-21-05-028 O H,CAIXA DE PASSAGEM PARA TELEFONE 150X150X15CM (SOBREPOR) FORNECIMENTO E INSTALACAO  (83368),"  2,00 ","R$ 1.364,73","R$ 2.729,46","0,0692404437","120,6304523",C
63-21-08-071 O ,BUCHA S8 C/ PARAFUSO - FORNECIMENTO E INSTALAÇÃO,"400,00 ","R$ 6,75","R$ 2.700,00","0,06849310779","120,6989454",C
62-23-68-086 U ,"PORTA DE ALUMÍNIO DE ABRIR TIPO VENEZIANA COM ACABAMENTO LETROSTÁTICA BRANCA DIM.: 70X210CM, COMPLETA - FORNECIMENTO E INSTALAÇÃO","  1,00 ","R$ 2.584,29","R$ 2.584,29","0,0655577976","120,7645032",C
65-21-17-227 O ,"ABRAÇADEIRA EM PVC PARA CONDULETE, 3/4``TOP CINZA INCL. PARAFUSO E BUCHA","300,00 ","R$ 8,55","R$ 2.565,00","0,0650684524","120,8295716",C
01-13-06-102 C ,"VASO SANITÁRIO SIFONADO COM CAIXA ACOPLADA, LOUÇA BRANCA - PADRÃO ALTO - FORNECIMENTO E INSTALAÇÃO. AF_01/2020 CS: 100878","  3,00 ","R$ 840,13","R$ 2.520,39","0,06393679405","120,8935084",C
63-21-03-006 O H,"CONDULETE EM PVC CINZA TIPO L,R,X,T,LR E RR DE 3/4 - FORNECIMENTO E INSTALAÇÃO","  80,00 ","R$ 31,11","R$ 2.488,80","0,06313542469","120,9566438",C
62-23-74-288 U ,LIXAMENTO MANUAL COM LIXA EM PINTURA EXISTENTE,"  360,00 ","R$ 6,80","R$ 2.448,00","0,06210041773","121,0187443",C
63-21-03-011 O H,"PERFILADO PERFURADO EM CHAPA DE AÇO, DIM 38 X 38 MM - FORNECIMENTO E INSTALAÇÃO","  90,00 ","R$ 26,72","R$ 2.404,80","0,061004528","121,0797488",C
64-23-74-086 O H,BANDEJA FIXA PARA RACK 19 900MM - FORNECIMENTO E INSTALAÇÃO   ORSE/11417,"  6,00 ","R$ 397,06","R$ 2.382,36","0,06043527417","121,1401841",C
62-23-74-202 U H,"DRENO EM MANGUEIRA PLµSTICA DIAM. 3/8
PARA AR CONDICIONADO","  150,00 ","R$ 15,61","R$ 2.341,50","0,05939874514","121,1995828",C
01-18-01-022 O ,"EMASSAMENTO COM MASSA LÁTEX, APLICAÇÃO EM PAREDE, UMA DEMÃO, LIXAMENTO MANUAL. AF_04/2023 CS: 88495","  150,00 ","R$ 15,33","R$ 2.299,50","0,0583332968","121,2579161",C
01-12-05-011 C H,RACK FECHADO PARA SERVIDOR - FORNECIMENTO E INSTALAÇÃO. AF_11/2019 CS: 98305,"  1,00 ","R$ 2.231,88","R$ 2.231,88","0,05661792497","121,314534",C
63-24-20-208 O H,"INSTALACAO DE CONDICIONADOR DE AR TIPO SPLIT PISO-TETO, 60.000 BTU/H - APENAS M.O. (NOVO)","  2,00 ","R$ 1.110,00","R$ 2.220,00","0,05631655529","121,3708506",C
"01-13-02-395 C H
89866","JOELHO 90 GRAUS, PVC, SOLDµVEL, DN 25MM, INSTALADO EM DRENO DE AR-CONDICIONADO - FORNECIMENTO E INSTALACAO. AF_08/2022 CS: 89866","  300,00 ","R$ 7,00","R$ 2.100,00","0,05327241717","121,424123",C
67-23-68-041 O H,DISTRIBUIDOR ÓPTICO PARA RACK DIO 24 FIBRAS COM BANDEJA E PAINEL COM ACOPLADOR LC/LC. FORNECIMENTO E INSTALAÇÃO.,"  2,00 ","R$ 1.018,18","R$ 2.036,36","0,05165800925","121,475781",C
62-23-74-280 U H,"RETIRADA, MANUTENCAO E RECOLOCACAO DE CONDICIONADOR DE AR PISO TETO 48.000 A 60.000 BTUïS E RECARGA DE GµS FREON R22","  4,00 ","R$ 504,82","R$ 2.019,28","0,05122472692","121,5270057",C
01-13-01-025 C ,"TUBO PVC, SERIE NORMAL, ESGOTO PREDIAL,DN 40 MM, FORNECIDO E INSTALADO EM RAMAL DE DESCARGA OU RAMAL DE ESGOTO SANITÁRIO. AF_08/2022 CS: 89711","  75,00 ","R$ 26,73","R$ 2.004,75","0,05085613253","121,5778619",C
01-13-01-025 C ,"TUBO PVC, SERIE NORMAL, ESGOTO PREDIAL,DN 40 MM, FORNECIDO E INSTALADO EM RAMAL DE DESCARGA OU RAMAL DE ESGOTO SANITÁRIO. AF_08/2022 CS: 89711","  75,00 ","R$ 26,73","R$ 2.004,75","0,05085613253","121,628718",C
63-21-03-012 O H,ADAPTADOR CONDULETE TOP 1 P/ CONDULETE CINZA - FORNECIMENTO E INSTALAÇÃO,"  450,00 ","R$ 4,45","R$ 2.002,50","0,05079905494","121,6795171",C
63-09-01-017 U H,TÊ PARA ELETROCALHA 300X100MM - FORNECIMENTO E INSTALAÇÃO,"  15,00 ","R$ 131,23","R$ 1.968,45","0,04993528075","121,7294523",C
01-13-01-014 C ,"TUBO PVC, SÉRIE R, ÁGUA PLUVIAL, DN 40 MM, FORNECIDO E INSTALADO EM RAMAL DE ENCAMINHAMENTO. AF_06/2022 CS: 89508","  100,00 ","R$ 19,25","R$ 1.925,00","0,04883304907","121,7782854",C
01-13-01-014 C ,"TUBO PVC, SÉRIE R, ÁGUA PLUVIAL, DN 40 MM, FORNECIDO E INSTALADO EM RAMAL DE ENCAMINHAMENTO. AF_06/2022 CS: 89508","  100,00 ","R$ 19,25","R$ 1.925,00","0,04883304907","121,8271184",C
01-13-06-080 C ,"TORNEIRA CROMADA DE MESA PARA LAVATORIO, TIPO MONOCOMANDO. AF_01/2020 CS: 100853","  4,00 ","R$ 451,83","R$ 1.807,32","0,04584776428","121,8729662",C
63-09-01-021 U H,EMENDA PARA ELETROCALHA 200X100MM - FORNECIMENTO E INSTALAÇÃO,"  90,00 ","R$ 19,57","R$ 1.761,30","0,04468033731","121,9176465",C
63-24-11-409 O ,"CHAPISCO PARA PAREDE INTERNA OU EXTERNA COM ARGAMASSA DE CIMENTO E AREIA SEM PENEIRAR, TRAÇO 1:3,E=5MM","  150,00 ","R$ 11,61","R$ 1.741,50","0,04417805452","121,9618246",C
63-21-03-024 O H,"CANTONEIRA METÁLICA TIPO ZZ ALTA P/ PERFILADO 38 X 38 MM, INCLUSIVE ACESSÓRIOS DE FIXAÇÃO - FORNECIMENTO E INSTALAÇÃO","  200,00 ","R$ 8,55","R$ 1.710,00","0,04337896827","122,0052036",C
64-23-74-097 O H,"DERIVAÇÃO DE 110X20MM, SISTEMA X","  75,00 ","R$ 21,35","R$ 1.601,25","0,04062021809","122,0458238",C
63-21-05-045 O H,LUVA 110X20 SISTEMA X - 30405X - FORNECI MENTO E INSTALAÇÃO,"  120,00 ","R$ 13,18","R$ 1.581,60","0,04012174047","122,0859455",C
66-23-17-801 O ,REVISÃO DE ESQUADRIAS EM ALUMÍNIO ATÉ 30% DE SUBSTITUIÇÃO - FORNECIMENTO E INSTALAÇÃO,"  10,00 ","R$ 157,75","R$ 1.577,50","0,04001773242","122,1259633",C
64-23-74-198 O H,COLOCAÇÃO DE CHUMBADORES EXPANSÍVEIS(DIÂMETRO:1/2),"  100,00 ","R$ 15,77","R$ 1.577,00","0,04000504851","122,1659683",C
"01-13-02-397 C H
89868","LUVA, PVC, SOLDµVEL, DN 25MM, INSTALADO EM DRENO DE AR-CONDICIONADO - FORNECIMENTO E INSTALACAO. AF_08/2022 CS: 89868","  300,00 ","R$ 5,20","R$ 1.560,00","0,03957379561","122,2055421",C
63-21-05-018 O H,"TERMINAL DE PRESSÃO 2,50MM2 TIPO PINO - FORNECIMENTO E INSTALAÇÃO","  200,00 ","R$ 7,59","R$ 1.518,00","0,03850834727","122,2440504",C
63-21-03-023 O H,ADAPTADOR CONDULETE TOP 3/4 P/ CONDULETE CINZA,"  450,00 ","R$ 3,32","R$ 1.494,00","0,03789951964","122,28195",C
"01-13-02-398 C H
89869","TE, PVC, SOLDµVEL, DN 25MM, INSTALADO EM DRENO DE AR-CONDICIONADO - FORNECIMENTO E INSTALACAO. AF_08/2022 CS: 89869","  150,00 ","R$ 9,66","R$ 1.449,00","0,03675796785","122,3187079",C
62-23-74-241 U ,"REJUNTAMENTO PARA CERÂMICA C/ ARGAMASSA,ESPESSURA DE 3MM","  75,00 ","R$ 19,31","R$ 1.448,25","0,03673894198","122,3554469",C
62-23-65-066 O H,"CONECTOR RJ 45 FÊMEA,CAT. 6 - ORSE:07164 FORNECIMENTO E INSTALAÇÃO","  50,00 ","R$ 28,15","R$ 1.407,50","0,03570520341","122,3911521",C
66-23-91-098 O ,"TORNEIRA CROMADA DE PAREDE, COM ALAVANCAFORNECIMENTO E INSTALAÇÃO","  2,00 ","R$ 699,43","R$ 1.398,86","0,03548602547","122,4266381",C
63-21-11-123 O ,"SABONETEIRA EM AÇO INOXIDÁVEL PARA SABONETE LÍQUIDO A GRANEL, FIXADO EM PAREDE - FORNECIMENTO E INSTALAÇÃO","  3,00 ","R$ 460,44","R$ 1.381,32","0,03504107394","122,4616792",C
63-21-11-123 O ,"SABONETEIRA EM AÇO INOXIDÁVEL PARA SABONETE LÍQUIDO A GRANEL, FIXADO EM PAREDE - FORNECIMENTO E INSTALAÇÃO","  3,00 ","R$ 460,44","R$ 1.381,32","0,03504107394","122,4967203",C
63-21-11-123 O ,"SABONETEIRA EM AÇO INOXIDÁVEL PARA SABONETE LÍQUIDO A GRANEL, FIXADO EM PAREDE - FORNECIMENTO E INSTALAÇÃO","  3,00 ","R$ 460,44","R$ 1.381,32","0,03504107394","122,5317613",C
63-21-11-123 O ,"SABONETEIRA EM AÇO INOXIDÁVEL PARA SABONETE LÍQUIDO A GRANEL, FIXADO EM PAREDE - FORNECIMENTO E INSTALAÇÃO","  3,00 ","R$ 460,44","R$ 1.381,32","0,03504107394","122,5668024",C
64-23-74-084 O H,KIT DE MONTAGEM PARAFUSO COM PORCA GAIOLA PARA RACK,"  250,00 ","R$ 5,50","R$ 1.375,00","0,03488074934","122,6016831",C
01-11-06-034 C H,"INTERRUPTOR INTERMEDIÁRIO (1 MÓDULO), 10A/250V, INCLUINDO SUPORTE E PLACA - FORNECIMENTO E INSTALAÇÃO. AF_03/2023 CS: 91979","  37,00 ","R$ 36,93","R$ 1.366,41","0,03466283978","122,636346",C
64-23-74-163 O H,SUSPENSÃO VERTICAL PARA ELETROCALHA 200X100MM,"  50,00 ","R$ 27,26","R$ 1.363,00","0,03457633552","122,6709223",C
01-13-06-080 C ,"TORNEIRA CROMADA DE MESA PARA LAVATORIO, TIPO MONOCOMANDO. AF_01/2020 CS: 100853","  3,00 ","R$ 451,83","R$ 1.355,49","0,03438582321","122,7053081",C
01-13-06-080 C ,"TORNEIRA CROMADA DE MESA PARA LAVATORIO, TIPO MONOCOMANDO. AF_01/2020 CS: 100853","  3,00 ","R$ 451,83","R$ 1.355,49","0,03438582321","122,739694",C
01-13-06-080 C ,"TORNEIRA CROMADA DE MESA PARA LAVATORIO, TIPO MONOCOMANDO. AF_01/2020 CS: 100853","  3,00 ","R$ 451,83","R$ 1.355,49","0,03438582321","122,7740798",C
01-13-06-056 C ,"CUBA DE EMBUTIR OVAL EM LOUÇA BRANCA, 35 X 50CM OU EQUIVALENTE, INCLUSO VÁLVULAE SIFÃO TIPO GARRAFA EM METAL CROMADO -FORNECIMENTO E INSTALAÇÃO. AF_01/2020 CS: 86938","  3,00 ","R$ 442,29","R$ 1.326,87","0,03365979627","122,8077396",C
01-13-06-056 C ,"CUBA DE EMBUTIR OVAL EM LOUÇA BRANCA, 35 X 50CM OU EQUIVALENTE, INCLUSO VÁLVULAE SIFÃO TIPO GARRAFA EM METAL CROMADO -FORNECIMENTO E INSTALAÇÃO. AF_01/2020 CS: 86938","  3,00 ","R$ 442,29","R$ 1.326,87","0,03365979627","122,8413994",C
66-23-91-268 O ,"ESPELHO CRISTAL, ESPESSURA 4MM, COM PARAFUSOS DE FIXAÇÃO SEM MOLDURA (85005)","  1,50 ","R$ 878,10","R$ 1.317,15","0,03341322108","122,8748126",C
66-23-91-268 O ,"ESPELHO CRISTAL, ESPESSURA 4MM, COM PARAFUSOS DE FIXAÇÃO SEM MOLDURA (85005)","  1,50 ","R$ 878,10","R$ 1.317,15","0,03341322108","122,9082258",C
66-23-91-268 O ,"ESPELHO CRISTAL, ESPESSURA 4MM, COM PARAFUSOS DE FIXAÇÃO SEM MOLDURA (85005)","  1,44 ","R$ 878,10","R$ 1.264,46","0,03207669224","122,9403025",C
63-22-04-049 O ,CURVA 90º PARA ELETRODUTO GALVANIZADO 3/4'' - FORNECIMENTO E INSTALAÇÃO,"  150,00 ","R$ 8,21","R$ 1.230,95","0,03122638836","122,9715289",C
62-23-74-203 U H,CAL€O DE BORRACHA COM PARAFUSO P/ APOIO DE UNIDADE CONDENSADORA DE AR CONDICIONADO TIPO SPLIT,"  27,00 ","R$ 44,59","R$ 1.203,93","0,03054107676","123,00207",C
67-23-68-028 O H,"ORGANIZAÇÃO DE RACK 19US, COM 1 PATCH PANEL 24P CAT 6, 1 VOICE PANEL 50, 20 PARAFUSOS PORCA GAIOLA E 1 GUIA DE CABO - FORNECIMENTO E INSTALAÇÃO","  1,00 ","R$ 1.180,95","R$ 1.180,95","0,02995812431","123,0320281",C
01-22-01-005 C ,"DEMOLIÇÃO DE ALVENARIA PARA QUALQUER TIPO DE BLOCO, DE FORMA MECANIZADA, SEM REAPROVEITAMENTO. AF_09/2023 CS: 97625","  14,00 ","R$ 80,41","R$ 1.125,74","0,0285575671","123,0605857",C
63-21-03-025 O H,SUPORTE EM CHAPA DE AÇO PARA PERFILADO - FORNECIMENTO E INSTALAÇÃO,"  80,00 ","R$ 13,73","R$ 1.098,40","0,02786401096","123,0884497",C
63-23-91-027 O ,CUBA DE EMBUTIR TRAMONTINA ISIS 2C 34-28 BS 40 EM AÇO INOX ACENTINADO 70 X 40 CM - FORNECIMENTO E INSTALAÇÃO,"  1,00 ","R$ 1.091,68","R$ 1.091,68","0,02769353923","123,1161432",C
63-21-03-006 O H,"CONDULETE EM PVC CINZA TIPO L,R,X,T,LR E RR DE 3/4 - FORNECIMENTO E INSTALAÇÃO","  35,00 ","R$ 31,11","R$ 1.088,85","0,0276217483","123,143765",C
66-23-68-110 U H,SAÍDA HORIZONTAL PARA ELETRODUTO 3/4,"  170,00 ","R$ 6,40","R$ 1.088,00","0,02760018566","123,1713652",C
62-23-68-091 U ,"SOLEIRA EM GRANITO CINZA ANDORINHA, LARGURA 28 CM, ESPESSURA 2CM","  6,00 ","R$ 179,63","R$ 1.077,78","0,02734092656","123,1987061",C
62-23-74-282 U H,"RETIRADA, MANUTENCAO E RECOLOCACAO DE CONDICIONADOR DE AR SPLIT HI-WALL 22.000 A 24.000 BTUïS E RECARGA DE GµS FREON R22","  3,00 ","R$ 356,95","R$ 1.070,85","0,02716512758","123,2258712",C
62-23-74-288 U ,LIXAMENTO MANUAL COM LIXA EM PINTURA EXISTENTE,"  150,00 ","R$ 6,80","R$ 1.020,00","0,02587517405","123,2517464",C
66-23-91-280 U ,BARRA DE APOIO PARA LAVATÓRIO EM AÇO INOX PARA PORTADORES DE NECESSIDADES ESPECIAIS EM ´´U`` - FORNECIMENTO E INSTALAÇÃO,"  1,00 ","R$ 1.015,71","R$ 1.015,71","0,02576634612","123,2775127",C
66-23-91-280 U ,BARRA DE APOIO PARA LAVATÓRIO EM AÇO INOX PARA PORTADORES DE NECESSIDADES ESPECIAIS EM ´´U`` - FORNECIMENTO E INSTALAÇÃO,"  1,00 ","R$ 1.015,71","R$ 1.015,71","0,02576634612","123,3032791",C
01-13-06-069 C ,"VASO SANITARIO SIFONADO CONVENCIONAL PARA PCD SEM FURO FRONTAL COM LOUÇA BRANCASEM ASSENTO, INCLUSO CONJUNTO DE LIGAÇÃO PARA BACIA SANITÁRIA AJUSTÁVEL - FORNECIMENTO E INSTALAÇÃO. AF_01/2020 CS: 9547","  1,00 ","R$ 990,39","R$ 990,39","0,02512403297","123,3284031",C
01-13-06-069 C ,"VASO SANITARIO SIFONADO CONVENCIONAL PARA PCD SEM FURO FRONTAL COM LOUÇA BRANCASEM ASSENTO, INCLUSO CONJUNTO DE LIGAÇÃO PARA BACIA SANITÁRIA AJUSTÁVEL - FORNECIMENTO E INSTALAÇÃO. AF_01/2020 CS: 9547","  1,00 ","R$ 990,39","R$ 990,39","0,02512403297","123,3535271",C
63-21-05-045 O H,LUVA 110X20 SISTEMA X - 30405X - FORNECI MENTO E INSTALAÇÃO,"  75,00 ","R$ 13,18","R$ 988,50","0,0250760878","123,3786032",C
01-13-06-059 C ,"LAVATÓRIO LOUÇA BRANCA COM COLUNA, 45 X55CM OU EQUIVALENTE, PADRÃO MÉDIO, INCLUSO SIFÃO TIPO GARRAFA, VÁLVULA E ENGATEFLEXÍVEL DE 40CM EM METAL CROMADO, COM TORNEIRA CROMADA DE MESA, PADRÃO MÉDIO -","  1,00 ","R$ 948,86","R$ 948,86","0,0240705075","123,4026737",C
62-23-65-024 O H,"TOMADA PLUG MACHO TRIPOLAR (3P+T) 125A, 380 / 440V, IP67 - FORNECIMENTO E INSTALAÇÃO","  2,00 ","R$ 471,10","R$ 942,20","0,02390155784","123,4265753",C
63-21-03-007 O H,TAMPA CEGA PLÁSTICA 4X2 - FORNECIMENTO E INSTALAÇÃO,"  150,00 ","R$ 6,20","R$ 930,00","0,02359207046","123,4501674",C
62-23-65-064 U H,MÃO DE OBRA PARA CONEXÃO DE CABOS EM QUADRO ELÉTRICO DEE DISTRIBUIÇÃO (CIRCUITO),"  100,00 ","R$ 9,14","R$ 914,00","0,02318618538","123,4733536",C
66-22-08-028 O ,"LAVATÓRIO EM COLUNA SUSPENSA PARA SANITÁRIO PNE, INCLUSIVE ACESSÓRIOS - FORNECIMENTO E INSTALAÇÃO","  1,00 ","R$ 911,68","R$ 911,68","0,02312733204","123,4964809",C
66-22-08-028 O ,"LAVATÓRIO EM COLUNA SUSPENSA PARA SANITÁRIO PNE, INCLUSIVE ACESSÓRIOS - FORNECIMENTO E INSTALAÇÃO","  1,00 ","R$ 911,68","R$ 911,68","0,02312733204","123,5196082",C
62-23-68-031 O H,PORCA SEXTAVADA  3/8´´,"  190,00 ","R$ 4,76","R$ 904,40","0,02294265433","123,5425509",C
01-13-06-080 C ,"TORNEIRA CROMADA DE MESA PARA LAVATORIO, TIPO MONOCOMANDO. AF_01/2020 CS: 100853","  2,00 ","R$ 451,83","R$ 903,66","0,02292388214","123,5654748",C
01-11-02-010 C H,"LUVA PARA ELETRODUTO, PVC, ROSCÁVEL, DN 25 MM (3/4), PARA CIRCUITOS TERMINAIS, INSTALADA EM PAREDE - FORNECIMENTO E INSTALAÇÃO. AF_03/2023 CS: 91884","  90,00 ","R$ 9,82","R$ 883,80","0,02242007728","123,5878948",C
62-23-65-171 U H,CURVA DE INVERSÃO P/ ELETROCALHA METÁLICA GALVANIZADA C/ DIMENSÕES 300 X 100 MM,"  8,00 ","R$ 106,10","R$ 848,80","0,02153220366","123,609427",C
01-13-06-102 C ,"VASO SANITÁRIO SIFONADO COM CAIXA ACOPLADA, LOUÇA BRANCA - PADRÃO ALTO - FORNECIMENTO E INSTALAÇÃO. AF_01/2020 CS: 100878","  1,00 ","R$ 840,13","R$ 840,13","0,02131226468","123,6307393",C
64-23-74-146 O H,VOICE PANEL 30 POSIÇÕES FURUKAWA OU EQUIVALENTE TÉCNICO - FORNECIMENTO E ISNTALAÇÃO,"  3,00 ","R$ 270,84","R$ 812,52","0,02061185924","123,6513512",C
64-23-74-159 O H,"SAÍDA HORIZONTAL PARA ELETRODUTO 1, INCLUINDO PARAFUSO, BUCHA E ARRUELA - FORNECIMENTO E INSTALAÇÃO","  80,00 ","R$ 9,92","R$ 793,60","0,02013190013","123,6714831",C
64-23-74-164 O H,PARAFUSO CABEÇA LENTILHA AUTO TRAV 1/4 X1/2,"  1.200,00 ","R$ 0,64","R$ 768,00","0,01948248399","123,6909655",C
63-21-05-056 O H,TERMINAL OU CONECTOR DE PRESSÃO 95MM2 -FORNECIMENTO E INSTALAÇÃO,"  24,00 ","R$ 31,00","R$ 744,00","0,01887365637","123,7098392",C
01-13-06-009 C ,SIFÃO DO TIPO GARRAFA EM METAL CROMADO 1 X 1.1/2 - FORNECIMENTO E INSTALAÇÃO. AF_01/2020 CS: 86881,"  4,00 ","R$ 181,70","R$ 726,80","0,0184373299","123,7282765",C
63-09-01-021 U H,EMENDA PARA ELETROCALHA 200X100MM - FORNECIMENTO E INSTALAÇÃO,"  37,00 ","R$ 19,57","R$ 724,09","0,01836858312","123,7466451",C
63-21-03-004 O ,"FORRO MODULAR DE PVC BR 625X1245MM, C/ PERFIL DE ALUMÍNIO ANODIZADO FOSCO - FORNECIMENTO E INSTALAÇÃO","  3,85 ","R$ 187,04","R$ 720,10","0,018267467","123,7649126",C
64-23-74-165 O H,JUNÇÃO SIMPLES PARA ELETROCALHA DE150X100MM,"  30,00 ","R$ 23,45","R$ 703,50","0,01784625975","123,7827588",C
01-07-09-024 C ,"INSTALAÇÃO DE VIDRO LAMINADO, E = 12 MM(4+4+4), ENCAIXADO EM PERFIL U. AF_01/2021_PS CS: 102177","  0,21 ","R$ 3.124,44","R$ 656,13","0,01664464711","123,7994035",C
64-23-74-087 O H,BRACKET/RACK DE PAREDE FECHADO DE 12U 19- FORNECIMENTO E INSTALAÇÃO,"  1,00 ","R$ 652,86","R$ 652,86","0,01656163346","123,8159651",C
62-23-65-171 U H,CURVA DE INVERSÃO P/ ELETROCALHA METÁLICA GALVANIZADA C/ DIMENSÕES 300 X 100 MM,"  6,00 ","R$ 106,10","R$ 636,60","0,01614915275","123,8321143",C
64-23-74-085 O H,ORGANIZADOR HORIZONTAL DE CABOS PARA RACK 19,"  12,00 ","R$ 48,47","R$ 581,64","0,01475493749","123,8468692",C
66-23-91-279 U ,"CHUVEIRO ELÉTRICO, LORENZETTI DUO SHOWERQUADRA OU SIMILAR, INCLUINDO INSTALAÇÃO","  1,00 ","R$ 574,36","R$ 574,36","0,01457025977","123,8614395",C
63-09-01-028 O H,REDUÇÃO CONCÊNTRICA PARA ELETROCALHA 500X100MM - 400X100MM - FORNECIMENTO E INSTALAÇÃO,"  9,00 ","R$ 63,23","R$ 569,07","0,01443606402","123,8758755",C
64-23-74-092 O H,CONECTORIZAÇÃO (CRIMPAGEM)DE CABO UTP CAT 6 EM PATCH PAINEL,"  100,00 ","R$ 5,48","R$ 548,00","0,0139015641","123,8897771",C
01-13-06-009 C ,SIFÃO DO TIPO GARRAFA EM METAL CROMADO 1 X 1.1/2 - FORNECIMENTO E INSTALAÇÃO. AF_01/2020 CS: 86881,"  3,00 ","R$ 181,70","R$ 545,10","0,01382799743","123,9036051",C
63-21-03-012 O H,ADAPTADOR CONDULETE TOP 1 P/ CONDULETE CINZA - FORNECIMENTO E INSTALAÇÃO,"  120,00 ","R$ 4,45","R$ 534,00","0,01354641465","123,9171515",C
01-21-03-007 C ,LIMPEZA DE REVESTIMENTO CERÂMICO EM PAREDE UTILIZANDO ÁCIDO MURIÁTICO. AF_04/2019 CS: 99808,"  100,00 ","R$ 5,26","R$ 526,00","0,01334347211","123,930495",C
01-13-02-338 C ,"TE, PVC, SERIE NORMAL, ESGOTO PREDIAL, DN 100 X 100 MM, JUNTA ELÁSTICA, FORNECIDO E INSTALADO EM RAMAL DE DESCARGA OU RAMAL DE ESGOTO SANITÁRIO. AF_08/2022 CS:89796","  10,00 ","R$ 50,75","R$ 507,50","0,01287416748","123,9433692",C
01-13-02-338 C ,"TE, PVC, SERIE NORMAL, ESGOTO PREDIAL, DN 100 X 100 MM, JUNTA ELÁSTICA, FORNECIDO E INSTALADO EM RAMAL DE DESCARGA OU RAMAL DE ESGOTO SANITÁRIO. AF_08/2022 CS:89796","  10,00 ","R$ 50,75","R$ 507,50","0,01287416748","123,9562433",C
67-23-68-042 O H,PARES TRANSCEIVER GBIC LC 3KM MÓDULO SFP BIDIRECIONAL WDM 1550/1310 SMF,"  3,00 ","R$ 166,48","R$ 499,44","0,01266970287","123,968913",C
64-23-74-159 O H,"SAÍDA HORIZONTAL PARA ELETRODUTO 1, INCLUINDO PARAFUSO, BUCHA E ARRUELA - FORNECIMENTO E INSTALAÇÃO","  50,00 ","R$ 9,92","R$ 496,00","0,01258243758","123,9814955",C
66-23-91-258 O ,"ASSENTO SANITÁRIO PNE POLIESTER BRANCOINCEPA OU SIMILAR TÉCNICO, FORNECIMENTOE INSTALAÇÃO","  1,00 ","R$ 480,91","R$ 480,91","0,01219963721","123,9936951",C
66-23-91-258 O ,"ASSENTO SANITÁRIO PNE POLIESTER BRANCOINCEPA OU SIMILAR TÉCNICO, FORNECIMENTOE INSTALAÇÃO","  1,00 ","R$ 480,91","R$ 480,91","0,01219963721","124,0058947",C
62-23-68-036 O H,BUCHA COM ARRUELA EM ZAMAK P/ELETRODUTO Ø 32 MM (1 1/4),"  40,00 ","R$ 12,00","R$ 480,00","0,0121765525","124,0180713",C
01-13-02-296 C ,"CURVA CURTA 90 GRAUS, PVC, SERIE NORMAL, ESGOTO PREDIAL, DN 100 MM, JUNTA ELÁSTICA, FORNECIDO E INSTALADO EM RAMAL DE DESCARGA OU RAMAL DE ESGOTO SANITÁRIO. AF_08/2022 CS: 89748","  10,00 ","R$ 47,50","R$ 475,00","0,01204971341","124,030121",C
01-13-02-296 C ,"CURVA CURTA 90 GRAUS, PVC, SERIE NORMAL, ESGOTO PREDIAL, DN 100 MM, JUNTA ELÁSTICA, FORNECIDO E INSTALADO EM RAMAL DE DESCARGA OU RAMAL DE ESGOTO SANITÁRIO. AF_08/2022 CS: 89748","  10,00 ","R$ 47,50","R$ 475,00","0,01204971341","124,0421707",C
01-18-02-017 C ,"PINTURA TINTA DE ACABAMENTO (PIGMENTADA) A ÓLEO EM MADEIRA, 2 DEMÃOS. AF_01/2021 CS: 102217","  20,00 ","R$ 23,48","R$ 469,60","0,01191272719","124,0540834",C
63-21-11-123 O ,"SABONETEIRA EM AÇO INOXIDÁVEL PARA SABONETE LÍQUIDO A GRANEL, FIXADO EM PAREDE - FORNECIMENTO E INSTALAÇÃO","  1,00 ","R$ 460,44","R$ 460,44","0,01168035798","124,0657638",C
63-21-11-123 O ,"SABONETEIRA EM AÇO INOXIDÁVEL PARA SABONETE LÍQUIDO A GRANEL, FIXADO EM PAREDE - FORNECIMENTO E INSTALAÇÃO","  1,00 ","R$ 460,44","R$ 460,44","0,01168035798","124,0774442",C
63-21-11-123 O ,"SABONETEIRA EM AÇO INOXIDÁVEL PARA SABONETE LÍQUIDO A GRANEL, FIXADO EM PAREDE - FORNECIMENTO E INSTALAÇÃO","  1,00 ","R$ 460,44","R$ 460,44","0,01168035798","124,0891245",C
01-13-06-080 C ,"TORNEIRA CROMADA DE MESA PARA LAVATORIO, TIPO MONOCOMANDO. AF_01/2020 CS: 100853","  1,00 ","R$ 451,83","R$ 451,83","0,01146194107","124,1005865",C
01-13-06-080 C ,"TORNEIRA CROMADA DE MESA PARA LAVATORIO, TIPO MONOCOMANDO. AF_01/2020 CS: 100853","  1,00 ","R$ 451,83","R$ 451,83","0,01146194107","124,1120484",C
01-13-06-080 C ,"TORNEIRA CROMADA DE MESA PARA LAVATORIO, TIPO MONOCOMANDO. AF_01/2020 CS: 100853","  1,00 ","R$ 451,83","R$ 451,83","0,01146194107","124,1235103",C
01-13-10-003 C ,"FURO MANUAL EM ALVENARIA, PARA INSTALAÇÕES HIDRÁULICAS, DIÂMETROS MAIORES QUE 75 MM E MENORES OU IGUAIS A 100 MM. AF_09/2023 CS: 90438","  5,00 ","R$ 80,91","R$ 404,55","0,01026255065","124,1337729",C
01-13-10-003 C ,"FURO MANUAL EM ALVENARIA, PARA INSTALAÇÕES HIDRÁULICAS, DIÂMETROS MAIORES QUE 75 MM E MENORES OU IGUAIS A 100 MM. AF_09/2023 CS: 90438","  5,00 ","R$ 80,91","R$ 404,55","0,01026255065","124,1440354",C
01-13-10-003 C ,"FURO MANUAL EM ALVENARIA, PARA INSTALAÇÕES HIDRÁULICAS, DIÂMETROS MAIORES QUE 75 MM E MENORES OU IGUAIS A 100 MM. AF_09/2023 CS: 90438","  5,00 ","R$ 80,91","R$ 404,55","0,01026255065","124,154298",C
62-23-65-063 O H,"TERMINAL DE PRESSÃO PARA CABOS 4,0MM2 TIPO OLHAL","  200,00 ","R$ 2,00","R$ 400,00","0,01014712708","124,1644451",C
01-21-03-007 C ,LIMPEZA DE REVESTIMENTO CERÂMICO EM PAREDE UTILIZANDO ÁCIDO MURIÁTICO. AF_04/2019 CS: 99808,"  75,00 ","R$ 5,26","R$ 394,50","0,01000760408","124,1744527",C
63-09-01-017 U H,TÊ PARA ELETROCALHA 300X100MM - FORNECIM ENTO E INSTALAÇÃO,"  3,00 ","R$ 131,23","R$ 393,69","0,00998705615","124,1844398",C
01-13-06-009 C ,SIFÃO DO TIPO GARRAFA EM METAL CROMADO 1 X 1.1/2 - FORNECIMENTO E INSTALAÇÃO. AF_01/2020 CS: 86881,"  2,00 ","R$ 181,70","R$ 363,40","0,009218664952","124,1936584",C
01-11-02-004 C H,"LUVA PARA ELETRODUTO, PVC, ROSCÁVEL, DN 40 MM (1 1/4), PARA CIRCUITOS TERMINAIS, INSTALADA EM FORRO - FORNECIMENTO E INSTALAÇÃO. AF_03/2023 CS: 91877","  35,00 ","R$ 10,31","R$ 360,85","0,009153977017","124,2028124",C
01-13-02-294 C ,"JOELHO 45 GRAUS, PVC, SERIE NORMAL, ESGOTO PREDIAL, DN 100 MM, JUNTA ELÁSTICA, FORNECIDO E INSTALADO EM RAMAL DE DESCARGA OU RAMAL DE ESGOTO SANITÁRIO. AF_08/2022 CS: 89746","  10,00 ","R$ 33,84","R$ 338,40","0,008584469509","124,2113969",C
01-13-02-294 C ,"JOELHO 45 GRAUS, PVC, SERIE NORMAL, ESGOTO PREDIAL, DN 100 MM, JUNTA ELÁSTICA, FORNECIDO E INSTALADO EM RAMAL DE DESCARGA OU RAMAL DE ESGOTO SANITÁRIO. AF_08/2022 CS: 89746","  10,00 ","R$ 33,84","R$ 338,40","0,008584469509","124,2199814",C
01-13-02-293 C ,"JOELHO 90 GRAUS, PVC, SERIE NORMAL, ESGOTO PREDIAL, DN 100 MM, JUNTA ELÁSTICA, FORNECIDO E INSTALADO EM RAMAL DE DESCARGA OU RAMAL DE ESGOTO SANITÁRIO. AF_08/2022 CS: 89744","  10,00 ","R$ 33,03","R$ 330,30","0,008378990186","124,2283603",C
01-13-02-293 C ,"JOELHO 90 GRAUS, PVC, SERIE NORMAL, ESGOTO PREDIAL, DN 100 MM, JUNTA ELÁSTICA, FORNECIDO E INSTALADO EM RAMAL DE DESCARGA OU RAMAL DE ESGOTO SANITÁRIO. AF_08/2022 CS: 89744","  10,00 ","R$ 33,03","R$ 330,30","0,008378990186","124,2367393",C
01-21-03-003 C ,LIMPEZA DE PISO CERÂMICO OU PORCELANATOUTILIZANDO DETERGENTE NEUTRO E ESCOVAÇÃO MANUAL. AF_04/2019 CS: 99804,"  45,06 ","R$ 7,29","R$ 328,49","0,00833300848","124,2450723",C
01-09-10-002 C ,"VERGA MOLDADA IN LOCO EM CONCRETO, ESPESSURA DE *20* CM. AF_03/2024 CS: 93187","  3,00 ","R$ 101,14","R$ 303,42","0,007697103246","124,2527695",C
01-09-10-002 C ,"VERGA MOLDADA IN LOCO EM CONCRETO, ESPESSURA DE *20* CM. AF_03/2024 CS: 93187","  3,00 ","R$ 101,14","R$ 303,42","0,007697103246","124,2604666",C
64-23-74-157 O H,"LUVA P/ ELETRODUTOS DE PVC CINZA, DIÂMETRO DE 32 MM (1)","  60,00 ","R$ 4,82","R$ 289,20","0,007336372879","124,2678029",C
01-13-03-164 C ,"CURVA 90 GRAUS, PVC, SOLDÁVEL, DN 40MM,INSTALADO EM RAMAL DE DISTRIBUIÇÃO DE ÁGUA - FORNECIMENTO E INSTALAÇÃO. AF_06/2022 CS: 103982","  10,00 ","R$ 26,86","R$ 268,60","0,006813795834","124,2746167",C
01-13-03-164 C ,"CURVA 90 GRAUS, PVC, SOLDÁVEL, DN 40MM,INSTALADO EM RAMAL DE DISTRIBUIÇÃO DE ÁGUA - FORNECIMENTO E INSTALAÇÃO. AF_06/2022 CS: 103982","  10,00 ","R$ 26,86","R$ 268,60","0,006813795834","124,2814305",C
01-11-02-017 C H,"CURVA 90 GRAUS PARA ELETRODUTO, PVC, ROSCÁVEL, DN 32 MM (1), PARA CIRCUITOS TERMINAIS, INSTALADA EM FORRO - FORNECIMENTO E INSTALAÇÃO. AF_03/2023 CS: 91893","  19,00 ","R$ 13,89","R$ 263,91","0,006694820769","124,2881253",C
01-18-02-017 C ,"PINTURA TINTA DE ACABAMENTO (PIGMENTADA) A ÓLEO EM MADEIRA, 2 DEMÃOS. AF_01/2021 CS: 102217","  11,10 ","R$ 23,48","R$ 260,63","0,006611563591","124,2947369",C
01-13-06-034 C ,"TORNEIRA CROMADA 1/2 OU 3/4 PARA TANQUE, PADRÃO MÉDIO - FORNECIMENTO E INSTALAÇÃO. AF_01/2020 CS: 86914","  2,00 ","R$ 129,35","R$ 258,70","0,006562654439","124,3012996",C
62-23-74-353 U ,LIXAMENTO DE SUPERFÍCIES DE MADEIRA EXISTE - ORSE/03963,"  20,00 ","R$ 12,90","R$ 258,00","0,006544896966","124,3078445",C
63-09-01-012 U H,CURVA 90º HORIZONTAL PARA ELETROCALHA 30 0X100MM - FORNECIMENTO E INSTALAÇÃO,"  4,00 ","R$ 64,15","R$ 256,60","0,006509382022","124,3143538",C
66-23-91-261 U ,VÁLVULA PARA LAVATÓRIO C-1602 CR DECA OU EQUIVALENTE TÉCNICO - FORNECIMENTO E INSTALAÇÃO,"  4,00 ","R$ 62,74","R$ 250,96","0,00636630753","124,3207201",C
62-23-74-047 O ,PAPELEIRA DE SOBREPOR EM POLIESTIRENO PARA PAPEL INTERFOLHADO - FORNECIMENTO E INSTALAÇÃO,"  3,00 ","R$ 81,29","R$ 243,87","0,006186449702","124,3269066",C
62-23-74-047 O ,PAPELEIRA DE SOBREPOR EM POLIESTIRENO PARA PAPEL INTERFOLHADO - FORNECIMENTO E INSTALAÇÃO,"  3,00 ","R$ 81,29","R$ 243,87","0,006186449702","124,333093",C
62-23-74-047 O ,PAPELEIRA DE SOBREPOR EM POLIESTIRENO PARA PAPEL INTERFOLHADO - FORNECIMENTO E INSTALAÇÃO,"  3,00 ","R$ 81,29","R$ 243,87","0,006186449702","124,3392795",C
62-23-74-047 O ,PAPELEIRA DE SOBREPOR EM POLIESTIRENO PARA PAPEL INTERFOLHADO - FORNECIMENTO E INSTALAÇÃO,"  3,00 ","R$ 81,29","R$ 243,87","0,006186449702","124,3454659",C
01-21-03-003 C ,LIMPEZA DE PISO CERÂMICO OU PORCELANATOUTILIZANDO DETERGENTE NEUTRO E ESCOVAÇÃO MANUAL. AF_04/2019 CS: 99804,"  30,00 ","R$ 7,29","R$ 218,70","0,005547941731","124,3510139",C
01-13-02-724 C ,"TÊ, PVC, SOLDÁVEL, DN 40 MM INSTALADO EM RESERVAÇÃO PREDIAL DE ÁGUA - FORNECIMENTO E INSTALAÇÃO. AF_04/2024 CS: 94692","  10,00 ","R$ 21,13","R$ 211,30","0,00536021988","124,3563741",C
01-13-02-724 C ,"TÊ, PVC, SOLDÁVEL, DN 40 MM INSTALADO EM RESERVAÇÃO PREDIAL DE ÁGUA - FORNECIMENTO E INSTALAÇÃO. AF_04/2024 CS: 94692","  10,00 ","R$ 21,13","R$ 211,30","0,00536021988","124,3617343",C
01-21-03-007 C ,LIMPEZA DE REVESTIMENTO CERÂMICO EM PAREDE UTILIZANDO ÁCIDO MURIÁTICO. AF_04/2019 CS: 99808,"  40,00 ","R$ 5,26","R$ 210,40","0,005337388844","124,3670717",C
01-07-01-021 C ,"FECHADURA DE EMBUTIR PARA PORTA DE BANHEIRO, COMPLETA, ACABAMENTO PADRÃO MÉDIO,INCLUSO EXECUÇÃO DE FURO - FORNECIMENTOE INSTALAÇÃO. AF_12/2019 CS: 90831","  1,00 ","R$ 210,09","R$ 210,09","0,00532952482","124,3724012",C
01-07-01-021 C ,"FECHADURA DE EMBUTIR PARA PORTA DE BANHEIRO, COMPLETA, ACABAMENTO PADRÃO MÉDIO,INCLUSO EXECUÇÃO DE FURO - FORNECIMENTOE INSTALAÇÃO. AF_12/2019 CS: 90831","  1,00 ","R$ 210,09","R$ 210,09","0,00532952482","124,3777308",C
66-23-68-083 U H,RÉGUAS DE TOMADAS COM 8 PONTOS,"  2,00 ","R$ 103,94","R$ 207,88","0,005273461943","124,3830042",C
01-13-03-165 C ,"CURVA 45 GRAUS, PVC, SOLDÁVEL, DN 40MM,INSTALADO EM RAMAL DE DISTRIBUIÇÃO DE ÁGUA - FORNECIMENTO E INSTALAÇÃO. AF_06/2022 CS: 103983","  10,00 ","R$ 20,50","R$ 205,00","0,005200402628","124,3882046",C
01-13-03-165 C ,"CURVA 45 GRAUS, PVC, SOLDÁVEL, DN 40MM,INSTALADO EM RAMAL DE DISTRIBUIÇÃO DE ÁGUA - FORNECIMENTO E INSTALAÇÃO. AF_06/2022 CS: 103983","  10,00 ","R$ 20,50","R$ 205,00","0,005200402628","124,393405",C
62-23-65-091 O H,ANILHA LETRAS DIVERSAS PARA CABO UTP,"  200,00 ","R$ 1,02","R$ 204,00","0,005175034811","124,3985801",C
01-13-02-320 C ,"LUVA SIMPLES, PVC, SERIE NORMAL, ESGOTOPREDIAL, DN 100 MM, JUNTA ELÁSTICA, FORNECIDO E INSTALADO EM RAMAL DE DESCARGA OU RAMAL DE ESGOTO SANITÁRIO. AF_08/2022CS: 89778","  10,00 ","R$ 20,26","R$ 202,60","0,005139519866","124,4037196",C
01-13-02-320 C ,"LUVA SIMPLES, PVC, SERIE NORMAL, ESGOTOPREDIAL, DN 100 MM, JUNTA ELÁSTICA, FORNECIDO E INSTALADO EM RAMAL DE DESCARGA OU RAMAL DE ESGOTO SANITÁRIO. AF_08/2022CS: 89778","  10,00 ","R$ 20,26","R$ 202,60","0,005139519866","124,4088591",C
01-13-06-015 C ,"ENGATE FLEXÍVEL EM INOX, 1/2  X 40CM - FORNECIMENTO E INSTALAÇÃO. AF_01/2020 CS: 86887","  4,00 ","R$ 49,70","R$ 198,80","0,005043122159","124,4139022",C
01-21-03-007 C ,LIMPEZA DE REVESTIMENTO CERÂMICO EM PAREDE UTILIZANDO ÁCIDO MURIÁTICO. AF_04/2019 CS: 99808,"  37,00 ","R$ 5,26","R$ 194,62","0,004937084681","124,4188393",C
66-23-91-261 U ,VÁLVULA PARA LAVATÓRIO C-1602 CR DECA OU EQUIVALENTE TÉCNICO - FORNECIMENTO E INSTALAÇÃO,"  3,00 ","R$ 62,74","R$ 188,22","0,004774730647","124,423614",C
01-13-06-009 C ,SIFÃO DO TIPO GARRAFA EM METAL CROMADO 1 X 1.1/2 - FORNECIMENTO E INSTALAÇÃO. AF_01/2020 CS: 86881,"  1,00 ","R$ 181,70","R$ 181,70","0,004609332476","124,4282234",C
01-13-06-009 C ,SIFÃO DO TIPO GARRAFA EM METAL CROMADO 1 X 1.1/2 - FORNECIMENTO E INSTALAÇÃO. AF_01/2020 CS: 86881,"  1,00 ","R$ 181,70","R$ 181,70","0,004609332476","124,4328327",C
01-13-06-009 C ,SIFÃO DO TIPO GARRAFA EM METAL CROMADO 1 X 1.1/2 - FORNECIMENTO E INSTALAÇÃO. AF_01/2020 CS: 86881,"  1,00 ","R$ 181,70","R$ 181,70","0,004609332476","124,437442",C
01-13-06-009 C ,SIFÃO DO TIPO GARRAFA EM METAL CROMADO 1 X 1.1/2 - FORNECIMENTO E INSTALAÇÃO. AF_01/2020 CS: 86881,"  1,00 ","R$ 181,70","R$ 181,70","0,004609332476","124,4420514",C
01-13-02-324 C ,"TE, PVC, SERIE NORMAL, ESGOTO PREDIAL, DN 40 X 40 MM, JUNTA SOLDÁVEL, FORNECIDOE INSTALADO EM RAMAL DE DESCARGA OU RAMAL DE ESGOTO SANITÁRIO. AF_08/2022 CS: 89782","  10,00 ","R$ 18,13","R$ 181,30","0,004599185349","124,4466506",C
01-13-02-324 C ,"TE, PVC, SERIE NORMAL, ESGOTO PREDIAL, DN 40 X 40 MM, JUNTA SOLDÁVEL, FORNECIDOE INSTALADO EM RAMAL DE DESCARGA OU RAMAL DE ESGOTO SANITÁRIO. AF_08/2022 CS: 89782","  10,00 ","R$ 18,13","R$ 181,30","0,004599185349","124,4512497",C
66-23-91-017 U ,LONA PLÁSTICA PRETA ESP.= 150 MICRAS (ORSE/3642),"  22,00 ","R$ 8,19","R$ 180,18","0,004570773393","124,4558205",C
66-23-68-017 U H,"TOMADA PARA REDES DE INFORMÁTICA E DE TELEFONIA DO SISTEMA X, COM 2 RJ45 LCS2 CA T.6","  2,00 ","R$ 85,69","R$ 171,38","0,004347536597","124,4601681",C
01-13-06-030 C ,"TORNEIRA CROMADA TUBO MÓVEL, DE MESA, 1/2 OU 3/4, PARA PIA DE COZINHA, PADRÃO ALTO - FORNECIMENTO E INSTALAÇÃO. AF_01/2020 CS: 86909","  1,00 ","R$ 170,74","R$ 170,74","0,004331301194","124,4644994",C
67-23-68-044 O H,EXTENSÕES ÓPTICAS SIMPLEX SM CONECTORIZADAS LC PARA DIO,"  2,00 ","R$ 79,24","R$ 158,48","0,004020291749","124,4685196",C
01-13-02-277 C ,"CURVA CURTA 90 GRAUS, PVC, SERIE NORMAL, ESGOTO PREDIAL, DN 40 MM, JUNTA SOLDÁVEL, FORNECIDO E INSTALADO EM RAMAL DE DESCARGA OU RAMAL DE ESGOTO SANITÁRIO. AF_08/2022 CS: 89728","  10,00 ","R$ 15,53","R$ 155,30","0,003939622089","124,4724593",C
01-13-02-277 C ,"CURVA CURTA 90 GRAUS, PVC, SERIE NORMAL, ESGOTO PREDIAL, DN 40 MM, JUNTA SOLDÁVEL, FORNECIDO E INSTALADO EM RAMAL DE DESCARGA OU RAMAL DE ESGOTO SANITÁRIO. AF_08/2022 CS: 89728","  10,00 ","R$ 15,53","R$ 155,30","0,003939622089","124,4763989",C
01-21-03-003 C ,LIMPEZA DE PISO CERÂMICO OU PORCELANATOUTILIZANDO DETERGENTE NEUTRO E ESCOVAÇÃO MANUAL. AF_04/2019 CS: 99804,"  20,64 ","R$ 7,29","R$ 150,47","0,003816983911","124,4802159",C
01-13-06-015 C ,"ENGATE FLEXÍVEL EM INOX, 1/2  X 40CM - FORNECIMENTO E INSTALAÇÃO. AF_01/2020 CS: 86887","  3,00 ","R$ 49,70","R$ 149,10","0,003782341619","124,4839982",C
01-13-06-015 C ,"ENGATE FLEXÍVEL EM INOX, 1/2  X 40CM - FORNECIMENTO E INSTALAÇÃO. AF_01/2020 CS: 86887","  3,00 ","R$ 49,70","R$ 149,10","0,003782341619","124,4877806",C
01-21-03-003 C ,LIMPEZA DE PISO CERÂMICO OU PORCELANATOUTILIZANDO DETERGENTE NEUTRO E ESCOVAÇÃO MANUAL. AF_04/2019 CS: 99804,"  19,79 ","R$ 7,29","R$ 144,27","0,003659792228","124,4914403",C
62-23-68-040 U H,"ETIQUETA ADESIVA COM IDENTIFICAÇÃO DE VOLTAGEM CABO DE REDE E TV, ROTEADOR, SOM, FIOS, CONECTORES E ETC","  180,00 ","R$ 0,80","R$ 144,00","0,003652965749","124,4950933",C
62-23-74-353 U ,LIXAMENTO DE SUPERFÍCIES DE MADEIRA EXISTE - ORSE/03963,"  11,10 ","R$ 12,90","R$ 143,19","0,003632417816","124,4987257",C
01-13-02-275 C ,"JOELHO 45 GRAUS, PVC, SERIE NORMAL, ESGOTO PREDIAL, DN 40 MM, JUNTA SOLDÁVEL, FORNECIDO E INSTALADO EM RAMAL DE DESCARGA OU RAMAL DE ESGOTO SANITÁRIO. AF_08/2022 CS: 89726","  10,00 ","R$ 12,94","R$ 129,40","0,00328259561","124,5020083",C
01-13-02-275 C ,"JOELHO 45 GRAUS, PVC, SERIE NORMAL, ESGOTO PREDIAL, DN 40 MM, JUNTA SOLDÁVEL, FORNECIDO E INSTALADO EM RAMAL DE DESCARGA OU RAMAL DE ESGOTO SANITÁRIO. AF_08/2022 CS: 89726","  10,00 ","R$ 12,94","R$ 129,40","0,00328259561","124,5052909",C
01-13-06-034 C ,"TORNEIRA CROMADA 1/2 OU 3/4 PARA TANQUE, PADRÃO MÉDIO - FORNECIMENTO E INSTALAÇÃO. AF_01/2020 CS: 86914","  1,00 ","R$ 129,35","R$ 129,35","0,003281327219","124,5085723",C
01-13-06-034 C ,"TORNEIRA CROMADA 1/2 OU 3/4 PARA TANQUE, PADRÃO MÉDIO - FORNECIMENTO E INSTALAÇÃO. AF_01/2020 CS: 86914","  1,00 ","R$ 129,35","R$ 129,35","0,003281327219","124,5118536",C
63-09-01-012 U H,CURVA 90º HORIZONTAL PARA ELETROCALHA 300X100MM - FORNECIMENTO E INSTALAÇÃO,"  2,00 ","R$ 64,15","R$ 128,30","0,003254691011","124,5151083",C
01-13-02-273 C ,"JOELHO 90 GRAUS, PVC, SERIE NORMAL, ESGOTO PREDIAL, DN 40 MM, JUNTA SOLDÁVEL, FORNECIDO E INSTALADO EM RAMAL DE DESCARGA OU RAMAL DE ESGOTO SANITÁRIO. AF_08/2022 CS: 89724","  10,00 ","R$ 12,73","R$ 127,30","0,003229323193","124,5183376",C
01-13-02-273 C ,"JOELHO 90 GRAUS, PVC, SERIE NORMAL, ESGOTO PREDIAL, DN 40 MM, JUNTA SOLDÁVEL, FORNECIDO E INSTALADO EM RAMAL DE DESCARGA OU RAMAL DE ESGOTO SANITÁRIO. AF_08/2022 CS: 89724","  10,00 ","R$ 12,73","R$ 127,30","0,003229323193","124,5215669",C
64-23-74-164 O H,PARAFUSO CABEÇA LENTILHA AUTO TRAV 1/4 X 1/2,"  190,00 ","R$ 0,64","R$ 121,60","0,003084726632","124,5246516",C
63-09-01-026 O H,REDUÇÃO CONCÊNTRICA PARA ELETROCALHA 200X100MM - 100X100MM - FORNECIMENTO E INSTALAÇÃO,"  4,00 ","R$ 29,73","R$ 118,92","0,003016740881","124,5276684",C
01-13-08-007 C ,"REGISTRO DE PRESSÃO BRUTO, LATÃO, ROSCÁVEL, 3/4, COM ACABAMENTO E CANOPLA CROMADOS - FORNECIMENTO E INSTALAÇÃO. AF_08/2021 CS: 89985","  1,00 ","R$ 114,33","R$ 114,33","0,002900302598","124,5305687",C
01-13-08-007 C ,"REGISTRO DE PRESSÃO BRUTO, LATÃO, ROSCÁVEL, 3/4, COM ACABAMENTO E CANOPLA CROMADOS - FORNECIMENTO E INSTALAÇÃO. AF_08/2021 CS: 89985","  1,00 ","R$ 114,33","R$ 114,33","0,002900302598","124,533469",C
01-13-08-007 C ,"REGISTRO DE PRESSÃO BRUTO, LATÃO, ROSCÁVEL, 3/4, COM ACABAMENTO E CANOPLA CROMADOS - FORNECIMENTO E INSTALAÇÃO. AF_08/2021 CS: 89985","  1,00 ","R$ 114,33","R$ 114,33","0,002900302598","124,5363693",C
01-13-02-299 C ,"LUVA SIMPLES, PVC, SERIE NORMAL, ESGOTOPREDIAL, DN 40 MM, JUNTA SOLDÁVEL, FORNECIDO E INSTALADO EM RAMAL DE DESCARGA OU RAMAL DE ESGOTO SANITÁRIO. AF_08/2022 CS: 89752","  10,00 ","R$ 9,31","R$ 93,10","0,002361743828","124,538731",C
01-13-02-299 C ,"LUVA SIMPLES, PVC, SERIE NORMAL, ESGOTOPREDIAL, DN 40 MM, JUNTA SOLDÁVEL, FORNECIDO E INSTALADO EM RAMAL DE DESCARGA OU RAMAL DE ESGOTO SANITÁRIO. AF_08/2022 CS: 89752","  10,00 ","R$ 9,31","R$ 93,10","0,002361743828","124,5410928",C
01-13-02-105 C ,"JOELHO 45 GRAUS, PVC, SERIE R, ÁGUA PLUVIAL, DN 40 MM, JUNTA SOLDÁVEL, FORNECIDO E INSTALADO EM RAMAL DE ENCAMINHAMENTO. AF_06/2022 CS: 89516","  10,00 ","R$ 9,16","R$ 91,60","0,002323692101","124,5434165",C
01-13-02-105 C ,"JOELHO 45 GRAUS, PVC, SERIE R, ÁGUA PLUVIAL, DN 40 MM, JUNTA SOLDÁVEL, FORNECIDO E INSTALADO EM RAMAL DE ENCAMINHAMENTO. AF_06/2022 CS: 89516","  10,00 ","R$ 9,16","R$ 91,60","0,002323692101","124,5457402",C
01-13-02-103 C ,"JOELHO 90 GRAUS, PVC, SERIE R, ÁGUA PLUVIAL, DN 40 MM, JUNTA SOLDÁVEL, FORNECIDO E INSTALADO EM RAMAL DE ENCAMINHAMENTO. AF_06/2022 CS: 89514","  10,00 ","R$ 9,08","R$ 90,80","0,002303397847","124,5480436",C
01-13-02-103 C ,"JOELHO 90 GRAUS, PVC, SERIE R, ÁGUA PLUVIAL, DN 40 MM, JUNTA SOLDÁVEL, FORNECIDO E INSTALADO EM RAMAL DE ENCAMINHAMENTO. AF_06/2022 CS: 89514","  10,00 ","R$ 9,08","R$ 90,80","0,002303397847","124,550347",C
01-13-02-127 C ,"LUVA SIMPLES, PVC, SERIE R, ÁGUA PLUVIAL, DN 40 MM, JUNTA SOLDÁVEL, FORNECIDO EINSTALADO EM RAMAL DE ENCAMINHAMENTO. AF_06/2022 CS: 89544","  10,00 ","R$ 8,93","R$ 89,30","0,002265346121","124,5526123",C
01-13-02-127 C ,"LUVA SIMPLES, PVC, SERIE R, ÁGUA PLUVIAL, DN 40 MM, JUNTA SOLDÁVEL, FORNECIDO EINSTALADO EM RAMAL DE ENCAMINHAMENTO. AF_06/2022 CS: 89544","  10,00 ","R$ 8,93","R$ 89,30","0,002265346121","124,5548777",C
01-21-03-007 C ,LIMPEZA DE REVESTIMENTO CERÂMICO EM PAREDE UTILIZANDO ÁCIDO MURIÁTICO. AF_04/2019 CS: 99808,"  16,95 ","R$ 5,26","R$ 89,16","0,002261718523","124,5571394",C
01-21-03-007 C ,LIMPEZA DE REVESTIMENTO CERÂMICO EM PAREDE UTILIZANDO ÁCIDO MURIÁTICO. AF_04/2019 CS: 99808,"  16,00 ","R$ 5,26","R$ 84,16","0,002134955538","124,5592743",C
62-23-74-047 O ,PAPELEIRA DE SOBREPOR EM POLIESTIRENO PARA PAPEL INTERFOLHADO - FORNECIMENTO E INSTALAÇÃO,"  1,00 ","R$ 81,29","R$ 81,29","0,002062149901","124,5613365",C
62-23-74-047 O ,PAPELEIRA DE SOBREPOR EM POLIESTIRENO PARA PAPEL INTERFOLHADO - FORNECIMENTO E INSTALAÇÃO,"  1,00 ","R$ 81,29","R$ 81,29","0,002062149901","124,5633986",C
62-23-74-047 O ,PAPELEIRA DE SOBREPOR EM POLIESTIRENO PARA PAPEL INTERFOLHADO - FORNECIMENTO E INSTALAÇÃO,"  1,00 ","R$ 81,29","R$ 81,29","0,002062149901","124,5654608",C
62-23-68-040 U H,"ETIQUETA ADESIVA COM IDENTIFICAÇÃO DE VOLTAGEM CABO DE REDE E TV, ROTEADOR, SOM, FIOS, CONECTORES E ETC","  100,00 ","R$ 0,80","R$ 80,00","0,002029425416","124,5674902",C
01-22-01-023 C ,"REMOÇÃO DE PORTAS, DE FORMA MANUAL, SEMREAPROVEITAMENTO. AF_09/2023 CS: 97644","  5,67 ","R$ 13,30","R$ 75,41","0,0019130125","124,5694032",C
66-23-91-313 U ,REMOÇÃO DE PIA DE INOX (ORSE 09602),"  2,00 ","R$ 35,09","R$ 70,18","0,001780313446","124,5711835",C
66-23-91-261 U ,VÁLVULA PARA LAVATÓRIO C-1602 CR DECA OU EQUIVALENTE TÉCNICO - FORNECIMENTO E INSTALAÇÃO,"  1,00 ","R$ 62,74","R$ 62,74","0,001591576882","124,5727751",C
66-23-91-261 U ,VÁLVULA PARA LAVATÓRIO C-1602 CR DECA OU EQUIVALENTE TÉCNICO - FORNECIMENTO E INSTALAÇÃO,"  1,00 ","R$ 62,74","R$ 62,74","0,001591576882","124,5743667",C
66-23-91-261 U ,VÁLVULA PARA LAVATÓRIO C-1602 CR DECA OU EQUIVALENTE TÉCNICO - FORNECIMENTO E INSTALAÇÃO,"  1,00 ","R$ 62,74","R$ 62,74","0,001591576882","124,5759583",C
66-23-91-261 U ,VÁLVULA PARA LAVATÓRIO C-1602 CR DECA OU EQUIVALENTE TÉCNICO - FORNECIMENTO E INSTALAÇÃO,"  1,00 ","R$ 62,74","R$ 62,74","0,001591576882","124,5775498",C
65-21-05-733 O ,REMOÇÃO DE VASO SANITÁRIO SEM REAPROVEI_TAMENTO,"  4,00 ","R$ 15,02","R$ 60,08","0,001524098487","124,5790739",C
01-21-03-007 C ,LIMPEZA DE REVESTIMENTO CERÂMICO EM PAREDE UTILIZANDO ÁCIDO MURIÁTICO. AF_04/2019 CS: 99808,"  10,00 ","R$ 5,26","R$ 52,60","0,001334347211","124,5804083",C
01-13-06-015 C ,"ENGATE FLEXÍVEL EM INOX, 1/2  X 40CM - FORNECIMENTO E INSTALAÇÃO. AF_01/2020 CS: 86887","  1,00 ","R$ 49,70","R$ 49,70","0,00126078054","124,5816691",C
01-13-06-015 C ,"ENGATE FLEXÍVEL EM INOX, 1/2  X 40CM - FORNECIMENTO E INSTALAÇÃO. AF_01/2020 CS: 86887","  1,00 ","R$ 49,70","R$ 49,70","0,00126078054","124,5829298",C
01-13-06-015 C ,"ENGATE FLEXÍVEL EM INOX, 1/2  X 40CM - FORNECIMENTO E INSTALAÇÃO. AF_01/2020 CS: 86887","  1,00 ","R$ 49,70","R$ 49,70","0,00126078054","124,5841906",C
01-13-06-015 C ,"ENGATE FLEXÍVEL EM INOX, 1/2  X 40CM - FORNECIMENTO E INSTALAÇÃO. AF_01/2020 CS: 86887","  1,00 ","R$ 49,70","R$ 49,70","0,00126078054","124,5854514",C
62-23-65-077 O H,PARAFUSOS COM BUCHA S8 - FORNECIMENTO E INSTALAÇÃO,"  130,00 ","R$ 0,37","R$ 48,10","0,001220192031","124,5866716",C
01-13-05-006 C ,"RALO SIFONADO, PVC, DN 100 X 40 MM, JUNTA SOLDÁVEL, FORNECIDO E INSTALADO EM RAMAL DE DESCARGA OU EM RAMAL DE ESGOTO SANITÁRIO. AF_08/2022 CS: 89709","  2,00 ","R$ 23,66","R$ 47,32","0,001200405134","124,587872",C
01-13-05-006 C ,"RALO SIFONADO, PVC, DN 100 X 40 MM, JUNTA SOLDÁVEL, FORNECIDO E INSTALADO EM RAMAL DE DESCARGA OU EM RAMAL DE ESGOTO SANITÁRIO. AF_08/2022 CS: 89709","  2,00 ","R$ 23,66","R$ 47,32","0,001200405134","124,5890724",C
65-21-05-733 O ,REMOÇÃO DE VASO SANITÁRIO SEM REAPROVEI_TAMENTO,"  3,00 ","R$ 15,02","R$ 45,06","0,001143073866","124,5902155",C
65-21-05-733 O ,REMOÇÃO DE VASO SANITÁRIO SEM REAPROVEI_TAMENTO,"  3,00 ","R$ 15,02","R$ 45,06","0,001143073866","124,5913586",C
65-21-05-733 O ,REMOÇÃO DE VASO SANITÁRIO SEM REAPROVEI_TAMENTO,"  3,00 ","R$ 15,02","R$ 45,06","0,001143073866","124,5925016",C
01-21-03-003 C ,LIMPEZA DE PISO CERÂMICO OU PORCELANATOUTILIZANDO DETERGENTE NEUTRO E ESCOVAÇÃO MANUAL. AF_04/2019 CS: 99804,"  6,00 ","R$ 7,29","R$ 43,74","0,001109588346","124,5936112",C
01-21-03-003 C ,LIMPEZA DE PISO CERÂMICO OU PORCELANATOUTILIZANDO DETERGENTE NEUTRO E ESCOVAÇÃO MANUAL. AF_04/2019 CS: 99804,"  5,94 ","R$ 7,29","R$ 43,30","0,001098492463","124,5947097",C
01-21-03-003 C ,LIMPEZA DE PISO CERÂMICO OU PORCELANATOUTILIZANDO DETERGENTE NEUTRO E ESCOVAÇÃO MANUAL. AF_04/2019 CS: 99804,"  5,02 ","R$ 7,29","R$ 36,60","0,0009283555829","124,5956381",C
62-23-74-055 O ,RETIRADA DE ESPELHO,"  1,50 ","R$ 18,34","R$ 27,51","0,0006978686649","124,5963359",C
62-23-74-055 O ,RETIRADA DE ESPELHO,"  1,50 ","R$ 18,34","R$ 27,51","0,0006978686649","124,5970338",C
62-23-74-055 O ,RETIRADA DE ESPELHO,"  1,44 ","R$ 18,34","R$ 26,41","0,0006699539183","124,5977038",C
66-23-91-313 U ,REMOÇÃO DE PIA DE INOX (ORSE 09602),"  0,72 ","R$ 35,09","R$ 25,26","0,0006409128406","124,5983447",C
01-22-01-023 C ,"REMOÇÃO DE PORTAS, DE FORMA MANUAL, SEMREAPROVEITAMENTO. AF_09/2023 CS: 97644","  1,89 ","R$ 13,30","R$ 25,14","0,0006376708335","124,5989823",C
01-22-01-023 C ,"REMOÇÃO DE PORTAS, DE FORMA MANUAL, SEMREAPROVEITAMENTO. AF_09/2023 CS: 97644","  1,89 ","R$ 13,30","R$ 25,14","0,0006376708335","124,59962",C
01-13-05-006 C ,"RALO SIFONADO, PVC, DN 100 X 40 MM, JUNTA SOLDÁVEL, FORNECIDO E INSTALADO EM RAMAL DE DESCARGA OU EM RAMAL DE ESGOTO SANITÁRIO. AF_08/2022 CS: 89709","  1,00 ","R$ 23,66","R$ 23,66","0,0006002025668","124,6002202",C
01-22-01-023 C ,"REMOÇÃO DE PORTAS, DE FORMA MANUAL, SEMREAPROVEITAMENTO. AF_09/2023 CS: 97644","  1,47 ","R$ 13,30","R$ 19,55","0,0004959662038","124,6007162",C
01-23-01-020 C ,"REMOÇÃO DE FORROS DE DRYWALL, PVC E FIBROMINERAL, DE FORMA MANUAL, SEM REAPROVEITAMENTO. AF_12/2017 CS: 97640","  3,85 ","R$ 2,86","R$ 11,01","0,0002793250407","124,6009955",C
62-23-74-315 U ,RETIRADA DE TORNEIRA,"  1,00 ","R$ 5,91","R$ 5,91","0,0001499238026","124,6011454",C