,,,,,,,,,,,
,,,,,,,,,,,
,,,,,,,,,,,
IDENTIFICAÇÃO,TIPO,CÓDIGO,SERVIÇO,UND,QTDE,VALOR S/BDI,VALOR C/BDI,PARCELA,PERCENTUAL_INDIVIUAL,PERCENTUAL_ACUMULADO,CLASSE
66-23-68-035 U H,PRÓPRIA,12,"REFLETOR DE LED ALTA POTENCIA, 150W, 127-220W, 2.700K/6.000K, IP65, CORPO EM ALUMINIO RESISTENTE A AGUA",UN,"150,00 ","548,01 ","513,76 ","R$ 77.064,00","19,69044829","19,69044829",A
01-11-13-001 C H,PRÓPRIA,45,"CORDOALHA DE COBRE NU 35 MM², NAO ENTERRADA, COM ISOLADOR - FORNECIMENTO E INSTALACAO. AF_08/2023 CS: 96973",M,"800,00 ","71,41 ","66,95 ","R$ 53.560,00","13,68499442","33,37544271",A
01-11-13-001 C H,PRÓPRIA,40,"CORDOALHA DE COBRE NU 35 MM², NAO ENTERRADA, COM ISOLADOR - FORNECIMENTO E INSTALACAO. AF_08/2023 CS: 96973",M,"600,00 ","71,41 ","66,95 ","R$ 40.170,00","10,26374582","43,63918853",A
64-24-25-300 O H,PRÓPRIA,3,"LUMINARIA LED, 150W, IK08, IP66, CORPO EM ALUMINIO PARA ILUMINACAO PUBLICA, INCLUSIVE RELE - ILUMATIC ARGUS III 150 OU EQUIVALENTE TECNICO EXCLUSIVE TRANSPORTEVERTICAL - FORNECIMENTO E INSTALACAO",UN,"50,00 ","797,05 ","747,23 ","R$ 37.361,50","9,546152337","53,18534087",A
02-02-01-016 O H,PRÓPRIA,50,"ADMINISTRACAO LOCAL PARA O.S. ENTRER$ 330.000,01 A R$ 380.000,00",UN,"1,00 ","35.287,21 ","33.081,76 ","R$ 33.081,76","8,452645652","61,63798652",A
63-21-05-063 O H,PRÓPRIA,2,"REFLETOR DE LED 100W, 127-220W, 2.700K/66.000K, IP65, CORPO EM CHAPA DE ACO COMPINTURA ELETROSTATICA - FORNECIMENTO E INSTALACAO",UN,"70,00 ","213,04 ","199,73 ","R$ 13.981,10","3,57227923","65,21026575",A
66-23-68-035 U H,PRÓPRIA,1,"REFLETOR DE LED ALTA POTENCIA, 150W, 127-220W, 2.700K/6.000K, IP65, CORPO EM ALUMINIO RESISTENTE A AGUA",UN,"25,00 ","548,01 ","513,76 ","R$ 12.844,00","3,281741381","68,49200713",A
66-23-68-035 U H,PRÓPRIA,21,"REFLETOR DE LED ALTA POTENCIA, 150W, 127-220W, 2.700K/6.000K, IP65, CORPO EM ALUMINIO RESISTENTE A AGUA",UN,"25,00 ","548,01 ","513,76 ","R$ 12.844,00","3,281741381","71,77374851",A
67-23-68-039 O H,PRÓPRIA,10,"CAMINHÇO MUNCK, INCLUSIVE MOTORISTA",DIA,"5,00 ","2.157,99 ","2.023,12 ","R$ 10.115,60","2,58461407","74,35836258",A
64-24-25-300 O H,PRÓPRIA,13,"LUMINARIA LED, 150W, IK08, IP66, CORPO EM ALUMINIO PARA ILUMINACAO PUBLICA, INCLUSIVE RELE - ILUMATIC ARGUS III 150 OU EQUIVALENTE TECNICO EXCLUSIVE TRANSPORTEVERTICAL - FORNECIMENTO E INSTALACAO",UN,"10,00 ","797,05 ","747,23 ","R$ 7.472,30","1,909230467","76,26759305",A
64-24-25-300 O H,PRÓPRIA,22,"LUMINARIA LED, 150W, IK08, IP66, CORPO EM ALUMINIO PARA ILUMINACAO PUBLICA, INCLUSIVE RELE - ILUMATIC ARGUS III 150 OU EQUIVALENTE TECNICO EXCLUSIVE TRANSPORTEVERTICAL - FORNECIMENTO E INSTALACAO",UN,"10,00 ","797,05 ","747,23 ","R$ 7.472,30","1,909230467","78,17682352",A
01-11-03-005 C H,PRÓPRIA,44,"CABO DE COBRE FLEXIVEL ISOLADO, 4 MM², ANTI-CHAMA 450/750 V, PARA CIRCUITOS TERMINAIS - FORNECIMENTO E INSTALACAO. AF_03/2023 CS: 91928",M,"1.000,00 ","6,90 ","6,47 ","R$ 6.470,00","1,653135062","79,82995858",A
67-23-68-016 O H,PRÓPRIA,6,CABO PP 3 VIAS X 4MM² - FORNECIMENTO E INSTALACAO,M,"300,00 ","21,19 ","19,87 ","R$ 5.961,00","1,523081624","81,3530402",A
64-23-74-009 O H,PRÓPRIA,41,"RETIRADA DE CONJUNTO DE ELETRODUTOS,ACESSORIOS E CABOS",M,"600,00 ","9,71 ","9,11 ","R$ 5.466,00","1,396605294","82,7496455",A
66-23-68-040 U H,PRÓPRIA,29,POSTE RETO GALVANIZADO A FOGO C/ 6M LI-VRE P/ ILUMINACAO EXTERNA,UN,"5,00 ","1.118,60 ","1.048,69 ","R$ 5.243,45","1,339742047","84,08938754",A
63-21-05-030 O H,PRÓPRIA,30,"ELETRODUTO DE PVC CINZA, DIAMETRO DE 25MM (3/4) P/ CONDULETE - FORNECIMENTO EINSTALACAO",M,"200,00 ","23,10 ","21,66 ","R$ 4.332,00","1,106859519","85,19624706",A
67-23-68-039 O H,PRÓPRIA,19,"CAMINHÇO MUNCK, INCLUSIVE MOTORISTA",DIA,"2,00 ","2.157,99 ","2.023,12 ","R$ 4.046,24","1,033845628","86,23009269",B
67-23-68-039 O H,PRÓPRIA,38,"CAMINHÇO MUNCK, INCLUSIVE MOTORISTA",DIA,"2,00 ","2.157,99 ","2.023,12 ","R$ 4.046,24","1,033845628","87,26393832",B
67-23-68-039 O H,PRÓPRIA,43,"CAMINHÇO MUNCK, INCLUSIVE MOTORISTA",DIA,"2,00 ","2.157,99 ","2.023,12 ","R$ 4.046,24","1,033845628","88,29778395",B
67-23-68-039 O H,PRÓPRIA,47,"CAMINHÇO MUNCK, INCLUSIVE MOTORISTA",DIA,"2,00 ","2.157,99 ","2.023,12 ","R$ 4.046,24","1,033845628","89,33162957",B
67-23-68-016 O H,PRÓPRIA,15,CABO PP 3 VIAS X 4MM² - FORNECIMENTO E INSTALACAO,M,"200,00 ","21,19 ","19,87 ","R$ 3.974,00","1,015387749","90,34701732",B
62-23-65-130 O H,PRÓPRIA,48,"QUADRO DE DISTRIBUICAO DE ENERGIA DE EMBUTIR, EM CHAPA METALICA, PARA 32 DISJUNTORES TERMOMAGNETICOS MONOPOLARES, COM BARRAMENTO TRIFASICO E NEUTRO, FORNECIMENTO E INSTALACAO (74131/6)",UN,"4,00 ","1.057,89 ","991,77 ","R$ 3.967,08","1,013619636","91,36063696",B
62-23-65-133 O H,PRÓPRIA,8,"LAMPADA LED BULBO 12W,100-240V,DIMERIZAVEL, TEMPERATURA DE COR 2.700K, FLUXO LUMINOSO 1055 LM, FABRICANTE BRILIA OU EQUIVALENTE TECNICO",UN,"100,00 ","42,03 ","39,41 ","R$ 3.941,00","1,006955994","92,36759295",B
01-11-03-005 C H,PRÓPRIA,26,"CABO DE COBRE FLEXIVEL ISOLADO, 4 MM², ANTI-CHAMA 450/750 V, PARA CIRCUITOS TERMINAIS - FORNECIMENTO E INSTALACAO. AF_03/2023 CS: 91928",M,"600,00 ","6,90 ","6,47 ","R$ 3.882,00","0,9918810372","93,35947399",B
67-23-68-016 O H,PRÓPRIA,36,CABO PP 3 VIAS X 4MM² - FORNECIMENTO E INSTALACAO,M,"120,00 ","21,19 ","19,87 ","R$ 2.384,40","0,6092326495","93,96870664",B
01-15-04-012 C H,PRÓPRIA,34,ATERRO MANUAL DE VALAS COM AREIA PARA ATERRO. AF_08/2023 CS: 94342,M3,"20,00 ","116,07 ","108,82 ","R$ 2.176,40","0,55608704","94,52479368",B
01-11-01-045 C H,PRÓPRIA,31,"ELETRODUTO FLEXIVEL CORRUGADO, PEAD, DN50 (1 1/2), PARA REDE ENTERRADA DE DISTRIBUICAO DE ENERGIA ELETRICA - FORNECIMENTO E INSTALACAO. AF_12/2021 CS: 97667",M,"200,00 ","9,21 ","8,63 ","R$ 1.726,00","0,441006355","94,96580003",B
66-23-68-057 U H,PRÓPRIA,42,CONECTOR CUNHA AZUL (35MM2),UN,"60,00 ","29,84 ","27,98 ","R$ 1.678,80","0,4289463898","95,39474642",B
01-11-03-003 C H,PRÓPRIA,27,"CABO DE COBRE FLEXIVEL ISOLADO, 2,5 MM², ANTI-CHAMA 450/750 V, PARA CIRCUITOS TERMINAIS - FORNECIMENTO E INSTALACAO. AF_03/2023 CS: 91926",M,"400,00 ","4,46 ","4,19 ","R$ 1.676,00","0,4282309682","95,82297739",B
67-23-68-034 O H,PRÓPRIA,24,"BRACO CURVO SIMPLES PARA LUMINARIA PUBLICA, FABRICADO EM TUBO DE ACO, COM SAPATA, GALVANIZADO A FOGO PROJECAO 2000MM, DIAMETRO DO BRACO 60MM",UN,"4,00 ","444,73 ","416,93 ","R$ 1.667,72","0,4261153641","96,24909276",C
01-11-05-011 C H,PRÓPRIA,49,"DISJUNTOR BIPOLAR TIPO DIN, CORRENTE NOMINAL DE 25A - FORNECIMENTO E INSTALACAO. AF_10/2020 CS: 93663",UN,"30,00 ","58,62 ","54,96 ","R$ 1.648,80","0,4212811577","96,67037391",C
62-23-65-161 U H,PRÓPRIA,33,"CAIXA DE PASSAGEM EM CONCRETO PRE-MOLDADO, COM TAMPA, DIMENSåES 50X50X50 CM",UN,"6,00 ","258,79 ","242,62 ","R$ 1.455,72","0,3719477237","97,04232164",C
62-23-65-027 U H,PRÓPRIA,11,"RETIRADA DE LUMINARIAS, TOMADAS E INTERRUPTORES",UN,"150,00 ","10,27 ","9,63 ","R$ 1.444,50","0,3690809269","97,41140256",C
63-26-05-010 O N,PRÓPRIA,25,"TOMADA 10A, 1 MODULO, 2P+T, MONTADA EM CONDULETE DE PVC, TIPO X, PARA ELETRODUTO DE PVC. 3/4, INCLUSO TAMPåEE DE PVC E CONECTOR RETO - FORNECIMENTO E INSTALACAO",UN,"20,00 ","70,72 ","66,30 ","R$ 1.326,00","0,33880326","97,75020582",C
01-15-02-019 C H,SINAPI,93358,"ESCAVACAO MANUAL DE VALA COM PROFUNDIDADE MENOR OU IGUAL A 1,30 M. AF_02/2021 CS: 93358",M3,"15,00 ","91,89 ","86,15 ","R$ 1.292,25","0,3301798739","98,0803857",C
67-23-68-034 O H,PRÓPRIA,5,"BRACO CURVO SIMPLES PARA LUMINARIA PUBLICA, FABRICADO EM TUBO DE ACO, COM SAPATA, GALVANIZADO A FOGO PROJECAO 2000MM, DIAMETRO DO BRACO 60MM",UN,"3,00 ","444,73 ","416,93 ","R$ 1.250,79","0,3195865231","98,39997222",C
01-11-08-075 C H,PRÓPRIA,4,REFLETOR FOTOELETRICO PARA COMANDO DE ILUMINACAO EXTERNA 1000 W - FORNECIMENTO E INSTALACAO. AF_08/2020 CS: 101632,UN,"30,00 ","36,48 ","34,20 ","R$ 1.026,00","0,2621509387","98,66212316",C
01-11-11-002 C H,PRÓPRIA,17,"LUMINARIA ARANDELA TIPO TARTARUGA, DE SOBREPOR, COM 1 LAMPADA LED DE 6 W, SEM REATOR - FORNECIMENTO E INSTALACAO. AF_09/2024 CS: 97607",UN,"10,00 ","108,36 ","101,59 ","R$ 1.015,90","0,2595703106","98,92169347",C
66-23-68-057 U H,PRÓPRIA,46,CONECTOR CUNHA AZUL (35MM2),UN,"30,00 ","29,84 ","27,98 ","R$ 839,40","0,2144731949","99,13616667",C
62-23-65-133 O H,PRÓPRIA,23,"LAMPADA LED BULBO 12W,100-240V,DIMERIZAVEL, TEMPERATURA DE COR 2.700K, FLUXO LUMINOSO 1055 LM, FABRICANTE BRILIA OU EQUIVALENTE TECNICO",UN,"20,00 ","42,03 ","39,41 ","R$ 788,20","0,2013911987","99,33755786",C
01-11-07-010 C H,PRÓPRIA,14,"LUMINARIA TIPO PLAFON CIRCULAR, DE SOBREPOR, COM LED DE 12/13 W - FORNECIMENTO E INSTALACAO. AF_09/2024 CS: 103782",UN,"20,00 ","30,94 ","29,01 ","R$ 580,20","0,1482455893","99,48580345",C
01-11-08-075 C H,PRÓPRIA,35,REFLETOR FOTOELETRONICO PARA COMANDO DE ILUMINACAO EXTERNA 1000 W - FORNECIMENTO E INSTALACAO. AF_08/2020 CS: 101632,UN,"15,00 ","36,48 ","34,20 ","R$ 513,00","0,1310754694","99,61687892",C
62-23-65-027 U H,PRÓPRIA,20,"RETIRADA DE LUMINARIAS, TOMADAS E INTERRUPTORES",UN,"30,00 ","10,27 ","9,63 ","R$ 288,90","0,07381618538","99,69069511",C
62-23-65-027 U H,PRÓPRIA,39,"RETIRADA DE LUMINARIAS, TOMADAS E INTERRUPTORES",UN,"30,00 ","10,27 ","9,63 ","R$ 288,90","0,07381618538","99,76451129",C
01-11-05-011 C H,PRÓPRIA,32,"DISJUNTOR BIPOLAR TIPO DIN, CORRENTE NOMINAL DE 25A - FORNECIMENTO E INSTALACAO. AF_10/2020 CS: 93663",UN,"5,00 ","58,62 ","54,96 ","R$ 274,80","0,07021352628","99,83472482",C
01-11-05-011 C H,PRÓPRIA,7,"DISJUNTOR BIPOLAR TIPO DIN, CORRENTE NOMINAL DE 25A - FORNECIMENTO E INSTALACAO. AF_10/2020 CS: 93663",UN,"4,00 ","58,62 ","54,96 ","R$ 219,84","0,05617082103","99,89089564",C
01-11-05-011 C H,PRÓPRIA,16,"DISJUNTOR BIPOLAR TIPO DIN, CORRENTE NOMINAL DE 25A - FORNECIMENTO E INSTALACAO. AF_10/2020 CS: 93663",UN,"4,00 ","58,62 ","54,96 ","R$ 219,84","0,05617082103","99,94706646",C
01-11-06-008 C H,PRÓPRIA,28,"INTERRUPTOR SIMPLES (1 MODULO), 10A/250V, INCLUINDO SUPORTE E PLACA - FORNECIMENTO E INSTALACAO. AF_03/2023 CS: 91953",UN,"5,00 ","28,20 ","26,44 ","R$ 132,20","0,03377812291","99,98084458",C
62-23-65-064 U H,PRÓPRIA,37,MAO DE OBRA PARA CONEXÇO DE CABOS EM QUADRO ELETRICO DEE DISTRIBUICAO (CIRCUITO),UN,"3,00 ","11,42 ","10,71 ","R$ 32,13","0,008209463608","99,98905405",C
62-23-65-064 U H,PRÓPRIA,9,MAO DE OBRA PARA CONEXÇO DE CABOS EM QUADRO ELETRICO DEE DISTRIBUICAO (CIRCUITO),UN,"2,00 ","11,42 ","10,71 ","R$ 21,42","0,005472975739","99,99452702",C
62-23-65-064 U H,PRÓPRIA,18,MAO DE OBRA PARA CONEXÇO DE CABOS EM QUADRO ELETRICO DEE DISTRIBUICAO (CIRCUITO),UN,"2,00 ","11,42 ","10,71 ","R$ 21,42","0,005472975739",100,C