,,,,,,,
,,,,,,,
CÓDIGO,DESCRIÇÃO,QTDE.,VALOR UNITARIO (R$) ,PARCELA DO ITEM,PERCENTUAL_INDIVIDUAL,PERCENTUAL_ACUMULADO,CLASSE
63-21-08-009 O ,"CORTINA ESTILO PAINEL, COLEÇÃO BLACKOUT(TECIDO BLACKOUT LAVÁVEL), COR BEGE - FORNECIMENTO E INSTALAÇÃO","690,00 ","725,84 ","500.829,60 ","10,19649855","10,19649855",A
62-23-52-002 U ,PISO VINÍLICO PADRÃO MADEIRA EM RÉGUACOR CEDRO - FONECIMENTO E INSTALAÇÃO,"  992,00 "," R$  472,73 "," R$  468.948,16 ","9,547417395","19,74391595",A
66-22-07-006 O ,"FORRO ACÚSTICO DE FIBRA MINERAL REMOVÍVEL, MODULAÇÃO 625X625MM,APOIADO EM PERFIS METÁLICOS TIPO T SUSPENSOS POR PERFIS RIGIDOS, E=15MM - FORNECIMENTO E INSTALAÇÃO","  992,00 ","  294,78 "," R$  292.421,76 ","5,953478095","25,69739404",A
63-23-27-002 O ,"DIVISÓRIA (N3) PAINEL/VIDRO/PAINEL MSO/COLMEIA, E=35MM, PERFIS EM AÇO GALV. PINTADO, COLOCADA","  720,00 "," R$  350,88 "," R$  252.633,60 ","5,143422308","30,84081635",A
01-12-05-005 C H,"CABO ELETRÔNICO CATEGORIA 6A, INSTALADO EM EDIFICAÇÃO RESIDENCIAL - FORNECIMENTO E INSTALAÇÃO. AF_11/2019 CS: 98298","  11.500,00 "," R$  17,15 "," R$  197.225,00 ","4,015346591","34,85616294",A
01-12-03-016 C ,"AR CONDICIONADO SPLIT INVERTER, PISO TETO, 24000 BTU/H, CICLO FRIO - FORNECIMENTO E INSTALAÇÃO. AF_11/2021_PSE CS: 103258","  10,00 ","  15.425,69 ","  154.256,90 ","3,140549715","37,99671266",A
01-12-03-014 C ,"AR CONDICIONADO SPLIT INVERTER, PISO TETO, 18000 BTU/H, CICLO FRIO - FORNECIMENTO E INSTALAÇÃO. AF_11/2021_PSE CS: 103256","  11,00 ","  13.794,16 ","  151.735,76 ","3,089221279","41,08593394",A
02-02-01-033 O ,"ADMINISTRAÇÃO LOCAL PARA O.S. ENTRER$ 1.180.000,01 A R$ 1.230.000,00","  2,00 ","  109.315,63 ","  150.855,57 ","3,071301287","44,15723522",A
01-19-13-008 C ,"CONTRAPISO EM ARGAMASSA PRONTA, PREPAROMANUAL, APLICADO EM ÁREAS SECAS SOBRE LAJE, ADERIDO, ACABAMENTO NÃO REFORÇADO, ESPESSURA 3CM. AF_07/2021 CS: 87634","  992,00 "," R$  144,75 "," R$  143.592,00 ","2,923420701","47,08065593",A
01-11-08-072 C H,"CABO DE COBRE FLEXÍVEL ISOLADO, 95 MM², 0,6/1,0 KV, PARA REDE AÉREA DE DISTRIBUIÇÃO DE ENERGIA ELÉTRICA DE BAIXA TENSÃO - FORNECIMENTO E INSTALAÇÃO. AF_07/2020 CS: 101567","  1.450,00 "," R$  76,47 "," R$  110.881,50 ","2,25746053","49,33811646",A
63-20-11-004 O ,PINTURA ACRÍLICA SEMI-BRILHO SUVINIL NACOR BRANCO NEVE,"  2.500,00 "," R$  43,28 "," R$  108.200,00 ","2,20286729","51,54098375",A
01-11-03-009 C ,"CABO DE COBRE FLEXÍVEL ISOLADO, 10 MM²,ANTI-CHAMA 450/750 V, PARA CIRCUITOS TERMINAIS - FORNECIMENTO E INSTALAÇÃO. AF_03/2023 CS: 91932","  4.500,00 "," R$  20,18 "," R$  90.810,00 ","1,848820504","53,38980425",A
63-09-01-004 U H,ELETROCALHA PERFURADA EM AÇO GALVANIZADO 400X100X3000MM COM TAMPA - FORNECIMENTO E INSTALAÇÃO,"  180,00 "," R$  480,44 "," R$  86.479,20 ","1,760648807","55,15045306",A
66-23-68-020 U H,"FIO ISOLADO DE PVC SEÇÃO 2,5MM 750V-ºC","  11.500,00 "," R$  7,08 "," R$  81.420,00 ","1,657647456","56,80810051",A
66-23-68-023 U H,"FIO ISOLADO DE PVC SEÇÃO 6,0MM2 750 - 70ºC","  7.500,00 "," R$  10,62 "," R$  79.650,00 ","1,621611642","58,42971215",A
66-23-91-084 O H,GµS REFRIGERANTE R410A - FORNECIMENTO E INSTALA€ÇO,"  750,00 "," R$  97,07 "," R$  72.802,50 ","1,482201903","59,91191406",A
66-23-68-021 U H,"FIO ISOLADO DE PVC  SEÇÃO 4,0MM 2750 - 70ºC","  8.000,00 "," R$  8,73 "," R$  69.840,00 ","1,421887722","61,33380178",A
01-12-03-019 C ,"AR CONDICIONADO SPLIT INVERTER, PISO TETO, 36000 BTU/H, CICLO FRIO - FORNECIMENTO E INSTALAÇÃO. AF_11/2021_PSE CS: 103261","  4,00 ","  17.404,50 ","  69.618,00 ","1,417367976","62,75116975",A
66-23-91-328 O ,ESTRUTURA METÁLICA PARA INSTALAÇÃO DEFORRO DE PVC EM PLACA,"  992,00 ","  68,29 "," R$  67.743,68 ","1,379208288","64,13037804",A
66-23-17-801 O ,REVISÃO DE ESQUADRIAS EM ALUMÍNIO ATÉ 30% DE SUBSTITUIÇÃO - FORNECIMENTO E INSTALAÇÃO,"  420,00 "," R$  157,75 "," R$  66.255,00 ","1,348899929","65,47927797",A
64-23-21-633 O ,LUMINÁRIA TIPO PLAFON HERMÉTICO DE SOBREPOR IP65 COM 2 LÂMPADAS DE LED DE 32W BIVOLT - DIMERIZÁVEL,"  80,00 "," R$  808,41 "," R$  64.672,80 ","1,316687575","66,79596555",A
64-23-23-500 O N,"SWITCH GERENCIÁVEL,48 PORTAS RJ-45,4 POR TAS SFP,LAYER 2 (CISCO 085350-24T-4G-BRUBIQUITI USW-PRO-48-POE, FORTINET OU SIMILAR TÉCNICO - FORNECIMENTO E INSTALAÇÃO","  3,00 "," R$  21.404,45 "," R$  64.213,35 ","1,307333533","68,10329908",A
66-23-91-067 O ,ESTUCAGEM DE BASE PARA PISO VINÍLICO OUCARPETE,"  992,00 "," R$  60,65 "," R$  60.164,80 ","1,224908225","69,3282073",A
01-12-03-023 C ,"AR CONDICIONADO SPLIT INVERTER, PISO TETO, APRESENTANDO ENTRE 54000 E 58000 BTU/H, CICLO FRIO - FORNECIMENTO E INSTALAÇÃO. AF_11/2021_PE CS: 103265","  2,00 ","  29.153,43 ","  58.306,86 ","1,187082021","70,51528932",A
64-24-13-001 O ,"PAREDE EM GESSO ACARTONADO (DRYWALL), RESISTENITE À UMIDADE (RU) COM PLACAS NASDUAS FACES, PARAFUSADAS EM PERFIS METÁLICOS(SEM VÃO) - FORNECIMENTO E INSTALAÇÃO","  180,00 "," R$  275,44 "," R$  49.579,20 ","1,009393696","71,52468302",A
02-02-01-019 O ,"ADMINISTRAÇÃO LOCAL PARA O.S. ENTRER$ 480.000,01 A R$ 530.000,00","  1,00 ","  47.105,06 ","  47.105,06 ","0,9590221428","72,48370516",A
"02-01-01-011 O H
90776",ADICIONAL DE HORA EXTRA AOS DOMINGOS E FERIADOS DE 110% - ENCARREGADO COM ENCARGOS COMPLEMENTARES  CS:90776,"  1.240,00 "," R$  34,20 "," R$  42.408,00 ","0,8633936785","73,34709884",A
62-23-74-207 U H,"TUBULA€ÇO FRIGORÖGENA DE INTERLIGA€ÇO P/SPLIT 22.000 E 24.000BTUïS/H,COM TUBO DECOBRE, CABO PP 4X2,5MM, FITA ISOLANTE TRMICA E ALUMINIZADA, ABRA€ADEIRA DE  NYLON E GALV. COM MÇO-DE-OBRA PARA 20,0M","  20,00 "," R$  2.095,13 "," R$  41.902,60 ","0,8531041302","74,20020297",A
66-23-91-086 U H,"TUBULA€ÇO FRIGORÖGENA DE INTERLIGA€ÇO P/SPLIT 12.000 A 18.000BTUïS/H,COM TUBO DECOBRE, CABO PP 4X2,5MM, FITA ISOLANTE TRMICA E ALUMINIZADA, ABRA€ADEIRA DE  NYLON E GALV. COM MÇO-DE-OBRA PARA 20,0M","  22,00 "," R$  1.895,26 "," R$  41.695,72 ","0,8488922154","75,04909519",A
01-18-01-022 O ,"EMASSAMENTO COM MASSA LÁTEX, APLICAÇÃO EM PAREDE, UMA DEMÃO, LIXAMENTO MANUAL. AF_04/2023 CS: 88495","  2.500,00 "," R$  15,33 "," R$  38.325,00 ","0,7802669951","75,82936218",A
"02-01-01-010 O H
88264",ADICIONAL DE HORA EXTRA AOS DOMINGOS E FERIADOS DE 110% - ELETRICISTA COM ENCARGOS COMPLEMENTARES  CS:88264,"  1.240,00 "," R$  28,77 "," R$  35.674,80 ","0,726310998","76,55567318",A
63-20-03-004 O H,"QGBT-SAC, CONFORME DIAGRAMA UNIFILAR EM
PROJETO","  2,00 "," R$  16.377,72 "," R$  32.755,44 ","0,666875114","77,22254829",A
63-20-09-009 O ,"RETIRADA E RECOLOCAÇÃO DE BRISE EM FIBRA DE VIDRO EXISTENTE C/ 100% DE REAPROV.INCL. FIXAÇÃO C/ DESENVOLV. 70X660CM, NOVOS PARAFUSOS DE AÇO INOX, EXCL. O CINTO SEGURANÇA, EXCLUS. ANDAIME","  650,00 ","  47,66 "," R$  30.979,00 ","0,6307081864","77,85325648",A
66-23-91-292 U H,"CABO ALARME DE INCÒNDIO BLINDADO 2X1,5MM COM SHIELD - FORNECIMENTO E INSTALA€ÇO","  2.200,00 "," R$  13,67 "," R$  30.074,00 ","0,6122830949","78,46553958",A
62-23-74-180 U H,DETECTOR DE FUMA€A àPTICO ENDERE€µVEL - FORNECIMENTO E INSTALA€ÇO,"  130,00 "," R$  230,06 "," R$  29.907,80 ","0,608899393","79,07443897",A
66-23-91-062 U ,"TRANSPORTE VERTICAL MANUAL DE MATERIAISA GRANEL, COM CARRINHO OU GERICA, DO TÉRREO ATÉ A 5A. LAJE","  100,00 "," R$  294,73 "," R$  29.473,00 ","0,6000472054","79,67448617",A
64-23-74-099 O H,CANALETA DE PVC 110X20MM SISTEMA X,"  420,00 "," R$  69,73 "," R$  29.286,60 ","0,5962522474","80,27073842",B
"02-01-01-025 O H
90776",ADICIONAL DE HORA EXTRA AOS SÁBADOS 70% - ENCARREGADO COM ENCARGOS ECOMPLEMENTARES  CS:90776,"  1.240,00 "," R$  21,76 "," R$  26.982,40 ","0,5493405393","80,82007896",B
"02-01-01-002 O H
88243",ADICIONAL DE HORA EXTRA AOS DOMINGOS E FERIADOS DE 110% - AJUDANTE ESPECIALIZADO COM COMPLEMENTARES  CS:88243,"  1.240,00 "," R$  21,66 "," R$  26.858,40 ","0,5468159964","81,36689496",B
64-23-21-687 O ,"PORTA SEMI-OCA PARA DIVISÓRIA, 0,80X2,10M, COM LAMINADO TEXTURIZADO DA COR AREIAJUNDIAÍ E PERFIL EM AÇO GALVANIZADO PIN-TADO NA COR BRANCA - FORNECIMENTO E INSTALAÇÃO","  25,00 "," R$  991,64 "," R$  24.791,00 ","0,504725351","81,87162031",B
01-26-01-096 O H,"ENGENHEIRO ELETRICISTA COM ENCARGOS COMPLEMENTARES INCC:1,06619","  240,00 "," R$  98,31 "," R$  23.594,40 ","0,4803635118","82,35198382",B
66-23-68-106 O H,"PERFILADO LISO EM CHAPA DE AÇO, COM TAMPA,DIMENSÕES 38 X 38 MM","  375,00 "," R$  61,88 "," R$  23.205,00 ","0,4724356327","82,82441945",B
66-23-91-308 U H,"ACIONADOR MANUAL ANALàGICO, ENDERE€µVEL SEM ISOLADOR DE CURTO CIRCUITO, MOD. APOLLO, MARCA GLOBAL FIRE - FORNECIMENTO E INSTALA€ÇO (ORSE 12016)","  22,00 "," R$  966,32 "," R$  21.259,04 ","0,4328174106","83,25723686",B
63-09-01-002 U H,ELETROCALHA PERFURADA EM AÇO GALVANIZADO 200X100X3000MM COM TAMPA - FORNECIMENTO E INSTALAÇÃO,"  150,00 "," R$  140,80 "," R$  21.120,00 ","0,429986665","83,68722353",B
62-23-74-330 U ,"DIVISÓRIA GRANITO CINZA ANDORINHA E=3,0CM,ASSENTADO COM ARGAMASSA TRAÇO 1:4(CIMENTO E AREIA)ARREMATE COM CIMENTO E PERFIL EM AÇO INOX TIPO CANTONEIRA","  20,00 "," R$  1.047,39 "," R$  20.947,80 ","0,4264808078","84,11370434",B
62-23-74-187 U H,"TUBULA€ÇO FRIGORÖGENA DE INTERLIGA€ÇO P/SPLIT 36.000 BTUïS/H, COM TUBO DE COBRE E CABO PP 4X2,5MM, FITA ISOLANTE TRMICA ALUMINIZADA, ABRA€ADEIRA DE  NYLON E GALVANIZADA COM MÇO-DE-OBRA PARA 20,0M","  8,00 "," R$  2.512,08 "," R$  20.096,64 ","0,4091518566","84,52285619",B
63-21-09-009 O ,BOMBA DE DRENO PARA AR CONDICIONADO SPLIT DE ATÉ 30.000 BTU - FORNECIMENTO E INSTALAÇÃO,"  27,00 ","  735,08 "," R$  19.847,28 ","0,4040751678","84,92693136",B
62-23-74-330 U ,"DIVISÓRIA GRANITO CINZA ANDORINHA E=3,0CM,ASSENTADO COM ARGAMASSA TRAÇO 1:4(CIMENTO E AREIA)ARREMATE COM CIMENTO E PERFIL EM AÇO INOX TIPO CANTONEIRA","  18,00 "," R$  1.047,39 "," R$  18.853,02 ","0,3838327271","85,31076409",B
01-15-06-003 C ,"TRANSPORTE COM CAMINHÃO BASCULANTE DE 6M³, EM VIA URBANA PAVIMENTADA, DMT ATÉ 30 KM (UNIDADE: TXKM). AF_07/2020 CS: 97918","  7.500,00 "," R$  2,40 "," R$  18.000,00 ","0,3664659077","85,67723",B
01-16-01-017 C ,ALVENARIA DE VEDAÇÃO DE BLOCOS CERÂMICOS FURADOS NA HORIZONTAL DE 9X9X19 CM (ESPESSURA 9 CM) E ARGAMASSA DE ASSENTAMENTO COM PREPARO MANUAL. AF_12/2021 CS: 103351,"  75,00 "," R$  237,41 "," R$  17.805,75 ","0,3625111298","86,03974113",B
"02-01-01-018 O H
88243",ADICIONAL DE HORA EXTRA AOS SÁBADOS 70% - AJUDANTE ESPECIALIZADO COM ENCARGOS COMPLEMENTARESCS:88243,"  1.240,00 "," R$  13,79 "," R$  17.099,60 ","0,3481344686","86,38787559",B
62-23-74-288 U ,LIXAMENTO MANUAL COM LIXA EM PINTURA EXISTENTE,"  2.500,00 "," R$  6,80 "," R$  17.000,00 ","0,3461066906","86,73398228",B
01-11-03-008 C H 91931,"CABO DE COBRE FLEXÖVEL ISOLADO, 6 MMý, ANTI-CHAMA 0,6/1,0 KV, PARA CIRCUITOS TERMINAIS - FORNECIMENTO E INSTALA€ÇO. AF_03/2023 CS: 91931","  2.000,00 "," R$  8,38 "," R$  16.760,00 ","0,3412204785","87,07520276",B
01-12-01-004 C H 101907,"EXTINTOR DE INCÒNDIO PORTµTIL COM CARGA DE CO2 DE 6 KG, CLASSE BC - FORNECIMENTO E INSTALA€ÇO. AF_10/2020_PE CS: 101907","  24,00 "," R$  690,60 "," R$  16.574,40 ","0,3374418078","87,41264457",B
64-23-74-184 O H,"ELETRODUTO DE PVC COM CONEXÕES, 3/4``COR BRANCA - FORNECIMENTO E INSTALAÇÃO","  850,00 "," R$  18,72 "," R$  15.912,00 ","0,3239558624","87,73660043",B
63-20-11-004 O ,PINTURA ACRÍLICA SEMI-BRILHO SUVINIL NACOR BRANCO NEVE,"  360,00 "," R$  43,28 "," R$  15.580,80 ","0,3172128897","88,05381332",B
64-23-74-099 O H,CANALETA DE PVC 110X20MM SISTEMA X,"  220,00 "," R$  69,73 "," R$  15.340,60 ","0,3123226058","88,36613593",B
62-23-74-297 U ,"REVESTIMENTO CERÂMICO RETIFICADO 30 X 60BRANCO COM ACABAMENTO ACETINADO DA PORTOBELLO, OU EQUIVALENTE TÉCNICO, ASSENTADOCOM ARGAMASSA INDUSTRIALIZADO AC III, INCLUSIVE REJUNTE","  75,00 "," R$  193,91 "," R$  14.543,25 ","0,296089184","88,66222511",B
"01-13-01-040 C H
89865","TUBO, PVC, SOLDµVEL, DN 25MM, INSTALADO EM DRENO DE AR-CONDICIONADO - FORNECIMENTO E INSTALA€ÇO. AF_08/2022 CS: 89865","  900,00 "," R$  16,09 "," R$  14.481,00 ","0,2948218227","88,95704694",B
65-21-03-014 O ,"LOCAÇÃO DE ANDAIME METÁLICO TUBULAR TIPOTORRE 1X1,5M, INCLUSIVE PISO METÁLICO DE 1X1,5M E RODÍZIOS DE POLIURETANO COM FREIOS","  100,00 "," R$  130,03 "," R$  13.003,00 ","0,2647308999","89,22177784",B
62-23-68-036 O H,BUCHA COM ARRUELA EM ZAMAK P/ELETRODUTO Ø 32 MM (1 1/4),"  1.000,00 "," R$  12,00 "," R$  12.000,00 ","0,2443106051","89,46608844",B
66-23-90-033 O H,ELETRODUTO GALVANIZADO DIAMETRO 3/4 - FORNECIMENTO E INSTALA€ÇO,"  800,00 "," R$  14,77 "," R$  11.814,88 ","0,2405417069","89,70663015",B
64-23-21-672 U H,DETECTOR àPTICO DE FUMA€A TERMOVELOCIMTRICO ENDERE€µVEL - FORNECIMENTO E INSTALA€ÇO,"  50,00 "," R$  230,06 "," R$  11.503,00 ","0,2341920742","89,94082222",B
62-23-74-184 O H,"TUBULA€ÇO FRIGORÖGENA DE INTERLIGA€ÇO P/ SPLIT 60.000 BTUïS/H, COM TUBO DE COBRE E CABO PP 4X2,5MM, FITA ISOLANTE TRMICA ALUMINIZADA, ABRA€ADEIRA DE  NYLON E GALVANIZADA COM MÇO-DE-OBRA PARA 20,0M","  4,00 "," R$  2.612,95 "," R$  10.451,80 ","0,2127904652","90,15361269",B
01-12-05-010 C H,"PATCH PANEL 48 PORTAS, CATEGORIA 6 - FORNECIMENTO E INSTALAÇÃO. AF_11/2019 CS: 98304","  3,00 "," R$  3.097,12 "," R$  9.291,36 ","0,1891648153","90,3427775",B
62-23-65-149 U H,TIRANTE ROSCA TOTAL 5/16 - FORNECIMENTO E INSTALAÇÃO,"  460,00 "," R$  20,13 "," R$  9.259,80 ","0,1885222785","90,53129978",B
62-23-68-087 U ,"PORTA DE ALUMÍNIO DE ABRIR TIPO VENEZIANA COM ACABAMENTO LETROSTÁTICA BRANCA DIM.: 60X210CM, COMPLETA - FORNECIMENTO E INSTALAÇÃO","  4,00 "," R$  2.225,53 "," R$  8.902,12 ","0,1812401937","90,71253997",B
62-23-68-087 U ,"PORTA DE ALUMÍNIO DE ABRIR TIPO VENEZIANA COM ACABAMENTO LETROSTÁTICA BRANCA DIM.: 60X210CM, COMPLETA - FORNECIMENTO E INSTALAÇÃO","  4,00 "," R$  2.225,53 "," R$  8.902,12 ","0,1812401937","90,89378017",B
63-21-11-107 O ,TRANSPORTE HORIZONTAL DE MATERIAIS DIVERSOS A 60M DE DISTÂNCIA COM CARRINHO OUJERICA.,"  100,00 "," R$  88,56 "," R$  8.856,00 ","0,1803012266","91,07408139",B
63-24-20-412 U ,"PORTA EM ALUMÍNIO ANODIZADO BRANCO, VENEZIANA, DE ABRIR, 0,80 X 2,10M - FORNECIMENTO E INSTALAÇÃO","  3,00 "," R$  2.855,94 "," R$  8.567,82 ","0,1744341074","91,2485155",B
64-23-23-576 O ,RETIRADA DE ENTULHO DA OBRA UTILIZANDOCAIXA COLETORA METÁLICA PARA ATÉ 5M3,"  20,00 "," R$  411,08 "," R$  8.221,60 ","0,1673853393","91,41590084",B
01-13-10-059 C H,"SUPORTE PARA ELETROCALHA LISA OU PERFURA DA EM AÇO GALVANIZADO, LARGURA 400 MM, EM PERFILADO COM COMPRIMENTO DE 45 CM FIXADO EM LAJE, POR METRO DE ELETROCALHA FIXADA. AF_09/2023 CS: 96562","  180,00 "," R$  45,65 "," R$  8.217,00 ","0,1672916869","91,58319253",B
"02-01-01-024 O H
88264",ADICIONAL DE HORA EXTRA AOS SÁBADOS 70% -ELETRICISTA COM ENCARGOS COMPLEMENTARES CS:88264,"  440,00 "," R$  18,30 "," R$  8.052,00 ","0,163932416","91,74712494",B
62-23-65-100 O H,"CAIXA DE PASSAGEM EM PVC, SOBREPOR, DIMENSÕES 20X20X10 CM - FORNECIMENTO E INSTALAÇÃO - ELÉTRICA","  42,00 "," R$  186,62 "," R$  7.838,04 ","0,159576358","91,9067013",B
62-23-65-172 O H,"ELETRODUTO DE PVC COM CONEXÕES, 1``COR BRANCA","  350,00 "," R$  21,54 "," R$  7.539,00 ","0,1534881377","92,06018944",B
62-23-65-002 U H,"TOMADA SISTEMA X  2P+T,  PADRÃO BRASILEIRO DUPLA 10A, 250VCA CONFORME ABNT NBR14136, A 0,40 DE ALTURA","  150,00 "," R$  50,17 "," R$  7.525,50 ","0,1532132882","92,21340273",B
63-24-20-203 O H,"INSTALA€ÇO DE CONDICIONADOR DE AR TIPO SPLIT HIGH WALL, 18.000 BTU/H - APENAS M.O. (NOVO)","  11,00 "," R$  666,00 "," R$  7.326,00 ","0,1491516244","92,36255435",B
63-23-91-019 O ,"PORTA DE MADEIRA MACIÇA COMPLETA, COM FECHADURA - INSTALADA","  11,76 "," R$  584,74 "," R$  6.876,54 ","0,1400010196","92,50255537",B
62-23-68-002 U H,"BLOCO AUTÔNOMO DE ILUMINAÇÃO DE EMERGÊNCIA (ACLARAMENTO)30 LEDS SEM PICTOGRAMA, LED DE 2W DE ALTA INTENSIDADE.","  30,00 "," R$  225,85 "," R$  6.775,50 ","0,1379438754","92,64049925",B
65-21-13-310 U ,CARGA MANUAL DE RESÍDUOS DE NATUREZAS DIVERSAS EM CAMINHÃO COM CARROCERIA,"  100,00 "," R$  66,88 "," R$  6.688,00 ","0,1361624439","92,77666169",B
63-24-20-204 O H,"INSTALA€ÇO DE CONDICIONADOR DE AR TIPO SPLIT HIGH WALL, 24.000 BTU/H - APENAS M.O. (NOVO)","  10,00 "," R$  666,00 "," R$  6.660,00 ","0,1355923858","92,91225408",B
62-23-74-273 U ,"REBOCO PARA PAREDE INTERNA OU EXTERNA,COM ARGAMASSA PRÉ-FABRICADA,E=5MM","  150,00 "," R$  44,24 "," R$  6.636,00 ","0,1351037646","93,04735784",B
62-23-68-085 U ,"PORTA DE ALUMÍNIO DE ABRIR TIPO VENEZIANA COM ACABAMENTO LETROSTÁTICA BRANCA DIM.: 90X210CM, COMPLETA - FORNECIMENTO E INSTALAÇÃO","  2,00 "," R$  3.301,81 "," R$  6.603,62 ","0,1344445332","93,18180238",B
62-23-65-100 O H,"CAIXA DE PASSAGEM EM PVC, SOBREPOR, DIMENSÕES 20X20X10 CM - FORNECIMENTO E INSTALAÇÃO - ELÉTRICA","  35,00 "," R$  186,62 "," R$  6.531,70 ","0,1329802983","93,31478267",B
63-20-11-004 O ,PINTURA ACRÍLICA SEMI-BRILHO SUVINIL NACOR BRANCO NEVE,"  150,00 "," R$  43,28 "," R$  6.492,00 ","0,1321720374","93,44695471",B
66-23-91-017 U ,LONA PLÁSTICA PRETA ESP.= 150 MICRAS (ORSE/3642),"  750,00 "," R$  8,19 "," R$  6.142,50 ","0,125056491","93,5720112",B
01-21-04-250,MONTAGEM E DESMONTAGEM DE ANDAIME TUBULAR TIPO ?TORRE? (EXCLUSIVE ANDAIME E LIMPEZA). AF_11/2017 CS: 97064,"  200,00 "," R$  29,86 "," R$  5.971,29 ","0,1215706999","93,6935819",B
73-22-33-079 O ,TIRANTE COM ROSCA TOTAL Ø=3/8 PARA FIXAÇÃO DE ELETROCALHAS E CANTONEIRAS DE SUPORTE DOS DUTOS DE AR CONDICIONADOS E AFINS,"150,00 ","39,80 ","5.970,00 ","0,1215445261","93,81512643",B
66-23-68-024 U H,"CABO ÓPTICO, MULTIMODO, 50/125, EXTERNO,ANTI-ROEDOR, 04 FIBRAS ÓPTICAS, FURUKA_WA OU SIMILAR TÉCNICO","  250,00 "," R$  22,23 "," R$  5.557,50 ","0,113146349","93,92827278",B
63-23-01-993 O H,AVISADOR AUDIO VISUAL ENDERE€µVEL - FORNECIMENTO E INSTALA€ÇO,"  22,00 "," R$  251,81 "," R$  5.539,82 ","0,112786398","94,04105917",B
01-18-01-022 O ,"EMASSAMENTO COM MASSA LÁTEX, APLICAÇÃO EM PAREDE, UMA DEMÃO, LIXAMENTO MANUAL. AF_04/2023 CS: 88495","  360,00 "," R$  15,33 "," R$  5.518,80 ","0,1123584473","94,15341762",B
62-23-74-076 U H,"ABRACADEIRA EM ACO =3/4, TIPO D, C/ PARAFUSO DE FIXA€ÇO","  800,00 "," R$  6,82 "," R$  5.456,00 ","0,1110798885","94,26449751",B
63-09-01-002 U H,ELETROCALHA PERFURADA EM AÇO GALVANIZADO 200X100X3000MM COM TAMPA - FORNECIMENTO E INSTALAÇÃO,"  37,00 "," R$  140,80 "," R$  5.209,60 ","0,1060633774","94,37056089",B
63-21-03-025 O H,SUPORTE EM CHAPA DE AÇO PARA PERFILADO - FORNECIMENTO E INSTALAÇÃO,"  375,00 "," R$  13,73 "," R$  5.148,75 ","0,104824519","94,47538541",B
63-21-05-079 O ,LIMPEZA FINAL DA OBRA (9537),"  1.000,00 "," R$  5,01 "," R$  5.010,00 ","0,1019996776","94,57738508",B
01-11-03-004 C H 91927,"CABO DE COBRE FLEXÖVEL ISOLADO, 2,5 MMý, ANTI-CHAMA 0,6/1,0 KV, PARA CIRCUITOS TERMINAIS - FORNECIMENTO E INSTALA€ÇO. AF _03/2023 CS: 91927","  1.200,00 "," R$  4,06 "," R$  4.872,00 ","0,09919010568","94,67657519",B
63-21-03-029 O H,PORCA E ARRUELA PARA PARAFUSOS COM Ø=1/4- FORNECIMENTO E INSTALAÇÃO,"  1.200,00 "," R$  3,72 "," R$  4.464,00 ","0,09088354511","94,76745874",B
64-23-74-096 O H,CAIXA DE SOBREPOR SISTEMA X P/ CANALETA 110X20MM,"  150,00 "," R$  28,84 "," R$  4.326,00 ","0,08807397315","94,85553271",B
62-23-74-118 O H,"SUPORTE MÇO FRANCESA EM PERFIS GALVANIZADOS PARA UNIDADES COND. 18000BTUS (PAR), INCLUSIVE PARAFUSOS DE FIXA€ÇO - INSTALADO","  27,00 "," R$  156,33 "," R$  4.220,91 ","0,08593442303","94,94146713",B
63-24-20-206 O H,"INSTALA€ÇO DE CONDICIONADOR DE AR TIPO SPLIT PISO-TETO, 36.000 BTU/H - APENAS M.O. (NOVO)","  4,00 "," R$  1.017,50 "," R$  4.070,00 ","0,08286201357","95,02432915",C
64-23-74-097 O H,"DERIVAÇÃO DE 110X20MM, SISTEMA X","  190,00 "," R$  21,35 "," R$  4.056,50 ","0,08258716414","95,10691631",C
"01-13-10-023 C H
90462","SUPORTE PARA 2 TUBOS VERTICAIS, ESPA€ADO A CADA 150 CM, EM PERFILADO COM COMPRIMENTO DE 25 CM FIXADO EM PAREDE, POR METRO DE TUBULA€ÇO FIXADA. AF_09/2023 CS: 90462","  900,00 "," R$  4,48 "," R$  4.032,00 ","0,08208836332","95,18900467",C
66-23-91-143 U ,CARGA MANUAL DE ENTULHO EM CAMINHAO BASCULANTE 6 M3  (72897),"  100,00 "," R$  39,85 "," R$  3.985,00 ","0,08113148012","95,27013615",C
63-22-04-032 O H,"CONDULETE DE ALUMÖNIO, TIPO TB, PARA ELE TRODUTO DE A€O GALVANIZADO DN 20 MM (3/4), COM TAMPA, APARENTE - FORNECIMENTO E INSTALA€ÇO","  110,00 "," R$  35,78 "," R$  3.935,80 ","0,08012980664","95,35026596",C
66-23-25-002 U H,"CENTRAL DE ALARME ENDERE€AVEL, 2 LA€OS COM AT 250 DISPOSITIVOS CADA - FORNECIMENTO E INSTALA€ÇO","  1,00 "," R$  3.821,96 "," R$  3.821,96 ","0,07781211337","95,42807807",C
63-21-03-028 O H,CONDULETE DE PVC RÍGIDO ENCAIXE PARA ELETRODUTO RÍGIDO Ø 32 MM (1´´),"  150,00 "," R$  25,24 "," R$  3.786,00 ","0,07707999592","95,50515807",C
62-24-18-902 U ,LUVA PARA ELETRODUTO GALVANIZADO DE 1''- FORNECIMENTO E INSTALÇÃO,"  330,00 "," R$  11,34 "," R$  3.741,13 ","0,07616642695","95,5813245",C
67-23-68-027 O H,"ABRAÇADEIRA EM PVC PARA ELETRODUTO PARA CONDULETE Ø=3/4, INCLUINDO BUCHA E PARAFUSO","  450,00 "," R$  7,99 "," R$  3.595,50 ","0,07320156506","95,65452606",C
63-21-05-049 O H,TERMINAL OU CONECTOR DE PRESSÃO 6MM2 - FORNECIMENTO E INSTALAÇÃO,"  200,00 "," R$  17,73 "," R$  3.546,00 ","0,07219378382","95,72671984",C
01-13-01-028 C ,"TUBO PVC, SERIE NORMAL, ESGOTO PREDIAL,DN 100 MM, FORNECIDO E INSTALADO EM RAMAL DE DESCARGA OU RAMAL DE ESGOTO SANITÁRIO. AF_08/2022 CS: 89714","  75,00 "," R$  45,68 "," R$  3.426,00 ","0,06975067777","95,79647052",C
01-13-01-028 C ,"TUBO PVC, SERIE NORMAL, ESGOTO PREDIAL,DN 100 MM, FORNECIDO E INSTALADO EM RAMAL DE DESCARGA OU RAMAL DE ESGOTO SANITÁRIO. AF_08/2022 CS: 89714","  75,00 "," R$  45,68 "," R$  3.426,00 ","0,06975067777","95,8662212",C
01-13-06-102 C ,"VASO SANITÁRIO SIFONADO COM CAIXA ACOPLADA, LOUÇA BRANCA - PADRÃO ALTO - FORNECIMENTO E INSTALAÇÃO. AF_01/2020 CS: 100878","  4,00 "," R$  840,13 "," R$  3.360,52 ","0,06841755623","95,93463876",C
01-13-06-102 C ,"VASO SANITÁRIO SIFONADO COM CAIXA ACOPLADA, LOUÇA BRANCA - PADRÃO ALTO - FORNECIMENTO E INSTALAÇÃO. AF_01/2020 CS: 100878","  4,00 "," R$  840,13 "," R$  3.360,52 ","0,06841755623","96,00305631",C
01-13-06-102 C ,"VASO SANITÁRIO SIFONADO COM CAIXA ACOPLADA, LOUÇA BRANCA - PADRÃO ALTO - FORNECIMENTO E INSTALAÇÃO. AF_01/2020 CS: 100878","  4,00 "," R$  840,13 "," R$  3.360,52 ","0,06841755623","96,07147387",C
62-23-68-085 U ,"PORTA DE ALUMÍNIO DE ABRIR TIPO VENEZIANA COM ACABAMENTO LETROSTÁTICA BRANCA DIM.: 90X210CM, COMPLETA - FORNECIMENTO E INSTALAÇÃO","  1,00 "," R$  3.301,81 "," R$  3.301,81 ","0,06722226659","96,13869614",C
62-23-68-085 U ,"PORTA DE ALUMÍNIO DE ABRIR TIPO VENEZIANA COM ACABAMENTO LETROSTÁTICA BRANCA DIM.: 90X210CM, COMPLETA - FORNECIMENTO E INSTALAÇÃO","  1,00 "," R$  3.301,81 "," R$  3.301,81 ","0,06722226659","96,2059184",C
62-23-68-085 U ,"PORTA DE ALUMÍNIO DE ABRIR TIPO VENEZIANA COM ACABAMENTO LETROSTÁTICA BRANCA DIM.: 90X210CM, COMPLETA - FORNECIMENTO E INSTALAÇÃO","  1,00 "," R$  3.301,81 "," R$  3.301,81 ","0,06722226659","96,27314067",C
66-24-26-504 O H,DIO (DISTRIBUIDOR INTERNO ÓPTICO) RACK 9 6FO-SC-APC SM-2F-FDIO-96-APC-2FLEX - FORNECIMENTO E INSTALAÇÃO,"  3,00 "," R$  1.077,96 "," R$  3.233,88 ","0,06583926498","96,33897993",C
63-09-01-023 O H,EMENDA PARA ELETROCALHA 400X100MM - FORNECIMENTO E INSTALAÇÃO,"  180,00 "," R$  17,84 "," R$  3.211,20 ","0,06537751793","96,40435745",C
66-23-68-038 O H,"TOMADA DUPLA PARA LÓGICA RJ45, CAT.6,COM CAIXA PVC, SOBREPOR, COMPLETA","  50,00 "," R$  62,91 "," R$  3.145,50 ","0,06403991737","96,46839737",C
66-23-91-017 U ,LONA PLÁSTICA PRETA ESP.= 150 MICRAS (ORSE/3642),"  360,00 "," R$  8,19 "," R$  2.948,40 ","0,06002711568","96,52842448",C
66-23-68-101 U H,"ABRAÇADEIRA EM PVC P/ ELETRODUTO CINZA P/ CONDULETE, 1´´ INCL. PARAFUSO E BUCHA","  350,00 "," R$  8,15 "," R$  2.852,50 ","0,05807466676","96,58649915",C
66-23-05-001 O ,"BANCADA EM GRANITO BRANCO SIENA, ESP=2CM - FORNECIMENTO E ISNTALAÇÃO","  3,00 "," R$  946,08 "," R$  2.838,24 ","0,05778434433","96,6442835",C
64-23-74-144 O H,"PATCH CORD AZUL 1,5M CAT 6 E 2 CONECTORES RJ45 MACHO CAT6","  100,00 "," R$  28,26 "," R$  2.826,00 ","0,05753514751","96,70181864",C
66-23-90-009 U ,CONECTOR BOX RETO Ø=3/4 EM ALUMÍNIO PARAELETRODUTO - FORNECIMENTO E INSTALAÇÃO,"  350,00 "," R$  7,84 "," R$  2.745,14 ","0,05588885032","96,75770749",C
63-21-05-028 O H,CAIXA DE PASSAGEM PARA TELEFONE 150X150X15CM (SOBREPOR) FORNECIMENTO E INSTALACAO  (83368),"  2,00 "," R$  1.364,73 "," R$  2.729,46 ","0,05556966869","96,81327716",C
63-21-08-071 O ,BUCHA S8 C/ PARAFUSO - FORNECIMENTO E INSTALAÇÃO,"400,00 ","6,75 ","2.700,00 ","0,05496988615","96,86824705",C
62-23-68-086 U ,"PORTA DE ALUMÍNIO DE ABRIR TIPO VENEZIANA COM ACABAMENTO LETROSTÁTICA BRANCA DIM.: 70X210CM, COMPLETA - FORNECIMENTO E INSTALAÇÃO","  1,00 "," R$  2.584,29 "," R$  2.584,29 ","0,05261412114","96,92086117",C
65-21-17-227 O ,"ABRAÇADEIRA EM PVC PARA CONDULETE, 3/4``TOP CINZA INCL. PARAFUSO E BUCHA","300,00 ","8,55 ","2.565,00 ","0,05222139185","96,97308256",C
01-13-06-102 C ,"VASO SANITÁRIO SIFONADO COM CAIXA ACOPLADA, LOUÇA BRANCA - PADRÃO ALTO - FORNECIMENTO E INSTALAÇÃO. AF_01/2020 CS: 100878","  3,00 "," R$  840,13 "," R$  2.520,39 ","0,05131316717","97,02439573",C
63-21-03-006 O H,"CONDULETE EM PVC CINZA TIPO L,R,X,T,LR E RR DE 3/4 - FORNECIMENTO E INSTALAÇÃO","  80,00 "," R$  31,11 "," R$  2.488,80 ","0,0506700195","97,07506575",C
62-23-74-288 U ,LIXAMENTO MANUAL COM LIXA EM PINTURA EXISTENTE,"  360,00 "," R$  6,80 "," R$  2.448,00 ","0,04983936345","97,12490511",C
63-21-03-011 O H,"PERFILADO PERFURADO EM CHAPA DE AÇO, DIM 38 X 38 MM - FORNECIMENTO E INSTALAÇÃO","  90,00 "," R$  26,72 "," R$  2.404,80 ","0,04895984527","97,17386496",C
64-23-74-086 O H,BANDEJA FIXA PARA RACK 19 900MM - FORNECIMENTO E INSTALAÇÃO   ORSE/11417,"  6,00 "," R$  397,06 "," R$  2.382,36 ","0,04850298444","97,22236794",C
62-23-74-202 U H,"DRENO EM MANGUEIRA PLµSTICA DIAM. 3/8
PARA AR CONDICIONADO","  150,00 "," R$  15,61 "," R$  2.341,50 ","0,04767110683","97,27003905",C
01-18-01-022 O ,"EMASSAMENTO COM MASSA LÁTEX, APLICAÇÃO EM PAREDE, UMA DEMÃO, LIXAMENTO MANUAL. AF_04/2023 CS: 88495","  150,00 "," R$  15,33 "," R$  2.299,50 ","0,04681601971","97,31685507",C
01-12-05-011 C H,RACK FECHADO PARA SERVIDOR - FORNECIMENTO E INSTALAÇÃO. AF_11/2019 CS: 98305,"  1,00 "," R$  2.231,88 "," R$  2.231,88 ","0,04543932945","97,3622944",C
63-24-20-208 O H,"INSTALA€ÇO DE CONDICIONADOR DE AR TIPO SPLIT PISO-TETO, 60.000 BTU/H - APENAS M.O. (NOVO)","  2,00 "," R$  1.110,00 "," R$  2.220,00 ","0,04519746195","97,40749186",C
"01-13-02-395 C H
89866","JOELHO 90 GRAUS, PVC, SOLDµVEL, DN 25MM, INSTALADO EM DRENO DE AR-CONDICIONADO - FORNECIMENTO E INSTALA€ÇO. AF_08/2022 CS: 89866","  300,00 "," R$  7,00 "," R$  2.100,00 ","0,0427543559","97,45024621",C
67-23-68-041 O H,DISTRIBUIDOR ÓPTICO PARA RACK DIO 24 FIBRAS COM BANDEJA E PAINEL COM ACOPLADOR LC/LC. FORNECIMENTO E INSTALAÇÃO.,"  2,00 "," R$  1.018,18 "," R$  2.036,36 ","0,04145869532","97,49170491",C
62-23-74-280 U H,"RETIRADA, MANUTEN€ÇO E RECOLOCA€ÇO DE CONDICIONADOR DE AR PISO TETO 48.000 A 60.000 BTUïS E RECARGA DE GµS FREON R22","  4,00 "," R$  504,82 "," R$  2.019,28 ","0,04111095989","97,53281587",C
01-13-01-025 C ,"TUBO PVC, SERIE NORMAL, ESGOTO PREDIAL,DN 40 MM, FORNECIDO E INSTALADO EM RAMAL DE DESCARGA OU RAMAL DE ESGOTO SANITÁRIO. AF_08/2022 CS: 89711","  75,00 "," R$  26,73 "," R$  2.004,75 ","0,04081514047","97,57363101",C
01-13-01-025 C ,"TUBO PVC, SERIE NORMAL, ESGOTO PREDIAL,DN 40 MM, FORNECIDO E INSTALADO EM RAMAL DE DESCARGA OU RAMAL DE ESGOTO SANITÁRIO. AF_08/2022 CS: 89711","  75,00 "," R$  26,73 "," R$  2.004,75 ","0,04081514047","97,61444615",C
63-21-03-012 O H,ADAPTADOR CONDULETE TOP 1 P/ CONDULETE CINZA - FORNECIMENTO E INSTALAÇÃO,"  450,00 "," R$  4,45 "," R$  2.002,50 ","0,04076933223","97,65521548",C
63-09-01-017 U H,TÊ PARA ELETROCALHA 300X100MM - FORNECIMENTO E INSTALAÇÃO,"  15,00 "," R$  131,23 "," R$  1.968,45 ","0,04007610089","97,69529158",C
01-13-01-014 C ,"TUBO PVC, SÉRIE R, ÁGUA PLUVIAL, DN 40 MM, FORNECIDO E INSTALADO EM RAMAL DE ENCAMINHAMENTO. AF_06/2022 CS: 89508","  100,00 "," R$  19,25 "," R$  1.925,00 ","0,03919149291","97,73448308",C
01-13-01-014 C ,"TUBO PVC, SÉRIE R, ÁGUA PLUVIAL, DN 40 MM, FORNECIDO E INSTALADO EM RAMAL DE ENCAMINHAMENTO. AF_06/2022 CS: 89508","  100,00 "," R$  19,25 "," R$  1.925,00 ","0,03919149291","97,77367457",C
01-13-06-080 C ,"TORNEIRA CROMADA DE MESA PARA LAVATORIO, TIPO MONOCOMANDO. AF_01/2020 CS: 100853","  4,00 "," R$  451,83 "," R$  1.807,32 ","0,03679562024","97,81047019",C
63-09-01-021 U H,EMENDA PARA ELETROCALHA 200X100MM - FORNECIMENTO E INSTALAÇÃO,"  90,00 "," R$  19,57 "," R$  1.761,30 ","0,03585868907","97,84632888",C
63-24-11-409 O ,"CHAPISCO PARA PAREDE INTERNA OU EXTERNA COM ARGAMASSA DE CIMENTO E AREIA SEM PENEIRAR, TRAÇO 1:3,E=5MM","  150,00 "," R$  11,61 "," R$  1.741,50 ","0,03545557657","97,88178446",C
63-21-03-024 O H,"CANTONEIRA METÁLICA TIPO ZZ ALTA P/ PERFILADO 38 X 38 MM, INCLUSIVE ACESSÓRIOS DE FIXAÇÃO - FORNECIMENTO E INSTALAÇÃO","  200,00 "," R$  8,55 "," R$  1.710,00 ","0,03481426123","97,91659872",C
64-23-74-097 O H,"DERIVAÇÃO DE 110X20MM, SISTEMA X","  75,00 "," R$  21,35 "," R$  1.601,25 ","0,03260019637","97,94919891",C
63-21-05-045 O H,LUVA 110X20 SISTEMA X - 30405X - FORNECI MENTO E INSTALAÇÃO,"  120,00 "," R$  13,18 "," R$  1.581,60 ","0,03220013776","97,98139905",C
66-23-17-801 O ,REVISÃO DE ESQUADRIAS EM ALUMÍNIO ATÉ 30% DE SUBSTITUIÇÃO - FORNECIMENTO E INSTALAÇÃO,"  10,00 "," R$  157,75 "," R$  1.577,50 ","0,03211666497","98,01351572",C
64-23-74-198 O H,COLOCAÇÃO DE CHUMBADORES EXPANSÍVEIS(DIÂMETRO:1/2),"  100,00 "," R$  15,77 "," R$  1.577,00 ","0,03210648536","98,0456222",C
"01-13-02-397 C H
89868","LUVA, PVC, SOLDµVEL, DN 25MM, INSTALADO EM DRENO DE AR-CONDICIONADO - FORNECIMENTO E INSTALA€ÇO. AF_08/2022 CS: 89868","  300,00 "," R$  5,20 "," R$  1.560,00 ","0,03176037867","98,07738258",C
63-21-05-018 O H,"TERMINAL DE PRESSÃO 2,50MM2 TIPO PINO - FORNECIMENTO E INSTALAÇÃO","  200,00 "," R$  7,59 "," R$  1.518,00 ","0,03090529155","98,10828787",C
63-21-03-023 O H,ADAPTADOR CONDULETE TOP 3/4 P/ CONDULETE CINZA,"  450,00 "," R$  3,32 "," R$  1.494,00 ","0,03041667034","98,13870454",C
"01-13-02-398 C H
89869","TE, PVC, SOLDµVEL, DN 25MM, INSTALADO EM DRENO DE AR-CONDICIONADO - FORNECIMENTO E INSTALA€ÇO. AF_08/2022 CS: 89869","  150,00 "," R$  9,66 "," R$  1.449,00 ","0,02950050557","98,16820505",C
62-23-74-241 U ,"REJUNTAMENTO PARA CERÂMICA C/ ARGAMASSA,ESPESSURA DE 3MM","  75,00 "," R$  19,31 "," R$  1.448,25 ","0,02948523616","98,19769028",C
62-23-65-066 O H,"CONECTOR RJ 45 FÊMEA,CAT. 6 - ORSE:07164 FORNECIMENTO E INSTALAÇÃO","  50,00 "," R$  28,15 "," R$  1.407,50 ","0,02865559806","98,22634588",C
66-23-91-098 O ,"TORNEIRA CROMADA DE PAREDE, COM ALAVANCAFORNECIMENTO E INSTALAÇÃO","  2,00 "," R$  699,43 "," R$  1.398,86 ","0,02847969442","98,25482558",C
63-21-11-123 O ,"SABONETEIRA EM AÇO INOXIDÁVEL PARA SABONETE LÍQUIDO A GRANEL, FIXADO EM PAREDE - FORNECIMENTO E INSTALAÇÃO","  3,00 "," R$  460,44 "," R$  1.381,32 ","0,02812259376","98,28294817",C
63-21-11-123 O ,"SABONETEIRA EM AÇO INOXIDÁVEL PARA SABONETE LÍQUIDO A GRANEL, FIXADO EM PAREDE - FORNECIMENTO E INSTALAÇÃO","  3,00 "," R$  460,44 "," R$  1.381,32 ","0,02812259376","98,31107076",C
63-21-11-123 O ,"SABONETEIRA EM AÇO INOXIDÁVEL PARA SABONETE LÍQUIDO A GRANEL, FIXADO EM PAREDE - FORNECIMENTO E INSTALAÇÃO","  3,00 "," R$  460,44 "," R$  1.381,32 ","0,02812259376","98,33919336",C
63-21-11-123 O ,"SABONETEIRA EM AÇO INOXIDÁVEL PARA SABONETE LÍQUIDO A GRANEL, FIXADO EM PAREDE - FORNECIMENTO E INSTALAÇÃO","  3,00 "," R$  460,44 "," R$  1.381,32 ","0,02812259376","98,36731595",C
64-23-74-084 O H,KIT DE MONTAGEM PARAFUSO COM PORCA GAIOLA PARA RACK,"  250,00 "," R$  5,50 "," R$  1.375,00 ","0,0279939235","98,39530987",C
01-11-06-034 C H,"INTERRUPTOR INTERMEDIÁRIO (1 MÓDULO), 10A/250V, INCLUINDO SUPORTE E PLACA - FORNECIMENTO E INSTALAÇÃO. AF_03/2023 CS: 91979","  37,00 "," R$  36,93 "," R$  1.366,41 ","0,02781903783","98,42312891",C
64-23-74-163 O H,SUSPENSÃO VERTICAL PARA ELETROCALHA 200X100MM,"  50,00 "," R$  27,26 "," R$  1.363,00 ","0,0277496129","98,45087853",C
01-13-06-080 C ,"TORNEIRA CROMADA DE MESA PARA LAVATORIO, TIPO MONOCOMANDO. AF_01/2020 CS: 100853","  3,00 "," R$  451,83 "," R$  1.355,49 ","0,02759671518","98,47847524",C
01-13-06-080 C ,"TORNEIRA CROMADA DE MESA PARA LAVATORIO, TIPO MONOCOMANDO. AF_01/2020 CS: 100853","  3,00 "," R$  451,83 "," R$  1.355,49 ","0,02759671518","98,50607196",C
01-13-06-080 C ,"TORNEIRA CROMADA DE MESA PARA LAVATORIO, TIPO MONOCOMANDO. AF_01/2020 CS: 100853","  3,00 "," R$  451,83 "," R$  1.355,49 ","0,02759671518","98,53366867",C
01-13-06-056 C ,"CUBA DE EMBUTIR OVAL EM LOUÇA BRANCA, 35 X 50CM OU EQUIVALENTE, INCLUSO VÁLVULAE SIFÃO TIPO GARRAFA EM METAL CROMADO -FORNECIMENTO E INSTALAÇÃO. AF_01/2020 CS: 86938","  3,00 "," R$  442,29 "," R$  1.326,87 ","0,02701403439","98,56068271",C
01-13-06-056 C ,"CUBA DE EMBUTIR OVAL EM LOUÇA BRANCA, 35 X 50CM OU EQUIVALENTE, INCLUSO VÁLVULAE SIFÃO TIPO GARRAFA EM METAL CROMADO -FORNECIMENTO E INSTALAÇÃO. AF_01/2020 CS: 86938","  3,00 "," R$  442,29 "," R$  1.326,87 ","0,02701403439","98,58769674",C
66-23-91-268 O ,"ESPELHO CRISTAL, ESPESSURA 4MM, COM PARAFUSOS DE FIXAÇÃO SEM MOLDURA (85005)","  1,50 "," R$  878,10 "," R$  1.317,15 ","0,0268161428","98,61451288",C
66-23-91-268 O ,"ESPELHO CRISTAL, ESPESSURA 4MM, COM PARAFUSOS DE FIXAÇÃO SEM MOLDURA (85005)","  1,50 "," R$  878,10 "," R$  1.317,15 ","0,0268161428","98,64132903",C
66-23-91-268 O ,"ESPELHO CRISTAL, ESPESSURA 4MM, COM PARAFUSOS DE FIXAÇÃO SEM MOLDURA (85005)","  1,44 "," R$  878,10 "," R$  1.264,46 ","0,02574349708","98,66707252",C
63-22-04-049 O ,CURVA 90º PARA ELETRODUTO GALVANIZADO 3/4'' - FORNECIMENTO E INSTALAÇÃO,"  150,00 "," R$  8,21 "," R$  1.230,95 ","0,02506107649","98,6921336",C
62-23-74-203 U H,CAL€O DE BORRACHA COM PARAFUSO P/ APOIO DE UNIDADE CONDENSADORA DE AR CONDICIONADO TIPO SPLIT,"  27,00 "," R$  44,59 "," R$  1.203,93 ","0,02451107224","98,71664467",C
67-23-68-028 O H,"ORGANIZAÇÃO DE RACK 19US, COM 1 PATCH PANEL 24P CAT 6, 1 VOICE PANEL 50, 20 PARAFUSOS PORCA GAIOLA E 1 GUIA DE CABO - FORNECIMENTO E INSTALAÇÃO","  1,00 "," R$  1.180,95 "," R$  1.180,95 ","0,02404321743","98,74068789",C
01-22-01-005 C ,"DEMOLIÇÃO DE ALVENARIA PARA QUALQUER TIPO DE BLOCO, DE FORMA MECANIZADA, SEM REAPROVEITAMENTO. AF_09/2023 CS: 97625","  14,00 "," R$  80,41 "," R$  1.125,74 ","0,02291918505","98,76360707",C
63-21-03-025 O H,SUPORTE EM CHAPA DE AÇO PARA PERFILADO - FORNECIMENTO E INSTALAÇÃO,"  80,00 "," R$  13,73 "," R$  1.098,40 ","0,02236256406","98,78596964",C
63-23-91-027 O ,CUBA DE EMBUTIR TRAMONTINA ISIS 2C 34-28 BS 40 EM AÇO INOX ACENTINADO 70 X 40 CM - FORNECIMENTO E INSTALAÇÃO,"  1,00 "," R$  1.091,68 "," R$  1.091,68 ","0,02222575012","98,80819539",C
63-21-03-006 O H,"CONDULETE EM PVC CINZA TIPO L,R,X,T,LR E RR DE 3/4 - FORNECIMENTO E INSTALAÇÃO","  35,00 "," R$  31,11 "," R$  1.088,85 ","0,02216813353","98,83036352",C
66-23-68-110 U H,SAÍDA HORIZONTAL PARA ELETRODUTO 3/4,"  170,00 "," R$  6,40 "," R$  1.088,00 ","0,0221508282","98,85251435",C
62-23-68-091 U ,"SOLEIRA EM GRANITO CINZA ANDORINHA, LARGURA 28 CM, ESPESSURA 2CM","  6,00 "," R$  179,63 "," R$  1.077,78 ","0,021942757","98,87445711",C
62-23-74-282 U H,"RETIRADA, MANUTEN€ÇO E RECOLOCA€ÇO DE CONDICIONADOR DE AR SPLIT HI-WALL 22.000 A 24.000 BTUïS E RECARGA DE GµS FREON R22","  3,00 "," R$  356,95 "," R$  1.070,85 ","0,02180166763","98,89625877",C
62-23-74-288 U ,LIXAMENTO MANUAL COM LIXA EM PINTURA EXISTENTE,"  150,00 "," R$  6,80 "," R$  1.020,00 ","0,02076640144","98,91702518",C
66-23-91-280 U ,BARRA DE APOIO PARA LAVATÓRIO EM AÇO INOX PARA PORTADORES DE NECESSIDADES ESPECIAIS EM ´´U`` - FORNECIMENTO E INSTALAÇÃO,"  1,00 "," R$  1.015,71 "," R$  1.015,71 ","0,02067906039","98,93770424",C
66-23-91-280 U ,BARRA DE APOIO PARA LAVATÓRIO EM AÇO INOX PARA PORTADORES DE NECESSIDADES ESPECIAIS EM ´´U`` - FORNECIMENTO E INSTALAÇÃO,"  1,00 "," R$  1.015,71 "," R$  1.015,71 ","0,02067906039","98,9583833",C
01-13-06-069 C ,"VASO SANITARIO SIFONADO CONVENCIONAL PARA PCD SEM FURO FRONTAL COM LOUÇA BRANCASEM ASSENTO, INCLUSO CONJUNTO DE LIGAÇÃO PARA BACIA SANITÁRIA AJUSTÁVEL - FORNECIMENTO E INSTALAÇÃO. AF_01/2020 CS: 9547","  1,00 "," R$  990,39 "," R$  990,39 ","0,02016356502","98,97854686",C
01-13-06-069 C ,"VASO SANITARIO SIFONADO CONVENCIONAL PARA PCD SEM FURO FRONTAL COM LOUÇA BRANCASEM ASSENTO, INCLUSO CONJUNTO DE LIGAÇÃO PARA BACIA SANITÁRIA AJUSTÁVEL - FORNECIMENTO E INSTALAÇÃO. AF_01/2020 CS: 9547","  1,00 "," R$  990,39 "," R$  990,39 ","0,02016356502","98,99871043",C
63-21-05-045 O H,LUVA 110X20 SISTEMA X - 30405X - FORNECI MENTO E INSTALAÇÃO,"  75,00 "," R$  13,18 "," R$  988,50 ","0,0201250861","99,01883551",C
01-13-06-059 C ,"LAVATÓRIO LOUÇA BRANCA COM COLUNA, 45 X55CM OU EQUIVALENTE, PADRÃO MÉDIO, INCLUSO SIFÃO TIPO GARRAFA, VÁLVULA E ENGATEFLEXÍVEL DE 40CM EM METAL CROMADO, COM TORNEIRA CROMADA DE MESA, PADRÃO MÉDIO -","  1,00 "," R$  948,86 "," R$  948,86 ","0,01931804673","99,03815356",C
62-23-65-024 O H,"TOMADA PLUG MACHO TRIPOLAR (3P+T) 125A, 380 / 440V, IP67 - FORNECIMENTO E INSTALAÇÃO","  2,00 "," R$  471,10 "," R$  942,20 ","0,01918245435","99,05733601",C
63-21-03-007 O H,TAMPA CEGA PLÁSTICA 4X2 - FORNECIMENTO E INSTALAÇÃO,"  150,00 "," R$  6,20 "," R$  930,00 ","0,0189340719","99,07627009",C
62-23-65-064 U H,MÃO DE OBRA PARA CONEXÃO DE CABOS EM QUADRO ELÉTRICO DEE DISTRIBUIÇÃO (CIRCUITO),"  100,00 "," R$  9,14 "," R$  914,00 ","0,01860832442","99,09487841",C
66-22-08-028 O ,"LAVATÓRIO EM COLUNA SUSPENSA PARA SANITÁRIO PNE, INCLUSIVE ACESSÓRIOS - FORNECIMENTO E INSTALAÇÃO","  1,00 "," R$  911,68 "," R$  911,68 ","0,01856109104","99,1134395",C
66-22-08-028 O ,"LAVATÓRIO EM COLUNA SUSPENSA PARA SANITÁRIO PNE, INCLUSIVE ACESSÓRIOS - FORNECIMENTO E INSTALAÇÃO","  1,00 "," R$  911,68 "," R$  911,68 ","0,01856109104","99,13200059",C
62-23-68-031 O H,PORCA SEXTAVADA  3/8´´,"  190,00 "," R$  4,76 "," R$  904,40 ","0,01841287594","99,15041347",C
01-13-06-080 C ,"TORNEIRA CROMADA DE MESA PARA LAVATORIO, TIPO MONOCOMANDO. AF_01/2020 CS: 100853","  2,00 "," R$  451,83 "," R$  903,66 ","0,01839781012","99,16881128",C
01-11-02-010 C H,"LUVA PARA ELETRODUTO, PVC, ROSCÁVEL, DN 25 MM (3/4), PARA CIRCUITOS TERMINAIS, INSTALADA EM PAREDE - FORNECIMENTO E INSTALAÇÃO. AF_03/2023 CS: 91884","  90,00 "," R$  9,82 "," R$  883,80 ","0,01799347607","99,18680475",C
62-23-65-171 U H,CURVA DE INVERSÃO P/ ELETROCALHA METÁLICA GALVANIZADA C/ DIMENSÕES 300 X 100 MM,"  8,00 "," R$  106,10 "," R$  848,80 ","0,01728090347","99,20408566",C
01-13-06-102 C ,"VASO SANITÁRIO SIFONADO COM CAIXA ACOPLADA, LOUÇA BRANCA - PADRÃO ALTO - FORNECIMENTO E INSTALAÇÃO. AF_01/2020 CS: 100878","  1,00 "," R$  840,13 "," R$  840,13 ","0,01710438906","99,22119005",C
64-23-74-146 O H,VOICE PANEL 30 POSIÇÕES FURUKAWA OU EQUIVALENTE TÉCNICO - FORNECIMENTO E ISNTALAÇÃO,"  3,00 "," R$  270,84 "," R$  812,52 ","0,01654227107","99,23773232",C
64-23-74-159 O H,"SAÍDA HORIZONTAL PARA ELETRODUTO 1, INCLUINDO PARAFUSO, BUCHA E ARRUELA - FORNECIMENTO E INSTALAÇÃO","  80,00 "," R$  9,92 "," R$  793,60 ","0,01615707469","99,25388939",C
64-23-74-164 O H,PARAFUSO CABEÇA LENTILHA AUTO TRAV 1/4 X1/2,"  1.200,00 "," R$  0,64 "," R$  768,00 ","0,01563587873","99,26952527",C
63-21-05-056 O H,TERMINAL OU CONECTOR DE PRESSÃO 95MM2 -FORNECIMENTO E INSTALAÇÃO,"  24,00 "," R$  31,00 "," R$  744,00 ","0,01514725752","99,28467253",C
01-13-06-009 C ,SIFÃO DO TIPO GARRAFA EM METAL CROMADO 1 X 1.1/2 - FORNECIMENTO E INSTALAÇÃO. AF_01/2020 CS: 86881,"  4,00 "," R$  181,70 "," R$  726,80 ","0,01479707898","99,29946961",C
63-09-01-021 U H,EMENDA PARA ELETROCALHA 200X100MM - FORNECIMENTO E INSTALAÇÃO,"  37,00 "," R$  19,57 "," R$  724,09 ","0,01474190551","99,31421151",C
63-21-03-004 O ,"FORRO MODULAR DE PVC BR 625X1245MM, C/ PERFIL DE ALUMÍNIO ANODIZADO FOSCO - FORNECIMENTO E INSTALAÇÃO","  3,85 "," R$  187,04 "," R$  720,10 ","0,01466075367","99,32887227",C
64-23-74-165 O H,JUNÇÃO SIMPLES PARA ELETROCALHA DE150X100MM,"  30,00 "," R$  23,45 "," R$  703,50 ","0,01432270923","99,34319498",C
01-07-09-024 C ,"INSTALAÇÃO DE VIDRO LAMINADO, E = 12 MM(4+4+4), ENCAIXADO EM PERFIL U. AF_01/2021_PS CS: 102177","  0,21 "," R$  3.124,44 "," R$  656,13 ","0,01335834197","99,35655332",C
64-23-74-087 O H,BRACKET/RACK DE PAREDE FECHADO DE 12U 19- FORNECIMENTO E INSTALAÇÃO,"  1,00 "," R$  652,86 "," R$  652,86 ","0,01329171847","99,36984504",C
62-23-65-171 U H,CURVA DE INVERSÃO P/ ELETROCALHA METÁLICA GALVANIZADA C/ DIMENSÕES 300 X 100 MM,"  6,00 "," R$  106,10 "," R$  636,60 ","0,0129606776","99,38280571",C
64-23-74-085 O H,ORGANIZADOR HORIZONTAL DE CABOS PARA RACK 19,"  12,00 "," R$  48,47 "," R$  581,64 ","0,01184173503","99,39464745",C
66-23-91-279 U ,"CHUVEIRO ELÉTRICO, LORENZETTI DUO SHOWERQUADRA OU SIMILAR, INCLUINDO INSTALAÇÃO","  1,00 "," R$  574,36 "," R$  574,36 ","0,01169351993","99,40634097",C
63-09-01-028 O H,REDUÇÃO CONCÊNTRICA PARA ELETROCALHA 500X100MM - 400X100MM - FORNECIMENTO E INSTALAÇÃO,"  9,00 "," R$  63,23 "," R$  569,07 ","0,01158581967","99,41792679",C
64-23-74-092 O H,CONECTORIZAÇÃO (CRIMPAGEM)DE CABO UTP CAT 6 EM PATCH PAINEL,"  100,00 "," R$  5,48 "," R$  548,00 ","0,01115685097","99,42908364",C
01-13-06-009 C ,SIFÃO DO TIPO GARRAFA EM METAL CROMADO 1 X 1.1/2 - FORNECIMENTO E INSTALAÇÃO. AF_01/2020 CS: 86881,"  3,00 "," R$  181,70 "," R$  545,10 ","0,01109780924","99,44018145",C
63-21-03-012 O H,ADAPTADOR CONDULETE TOP 1 P/ CONDULETE CINZA - FORNECIMENTO E INSTALAÇÃO,"  120,00 "," R$  4,45 "," R$  534,00 ","0,01087182193","99,45105327",C
01-21-03-007 C ,LIMPEZA DE REVESTIMENTO CERÂMICO EM PAREDE UTILIZANDO ÁCIDO MURIÁTICO. AF_04/2019 CS: 99808,"  100,00 "," R$  5,26 "," R$  526,00 ","0,01070894819","99,46176222",C
01-13-02-338 C ,"TE, PVC, SERIE NORMAL, ESGOTO PREDIAL, DN 100 X 100 MM, JUNTA ELÁSTICA, FORNECIDO E INSTALADO EM RAMAL DE DESCARGA OU RAMAL DE ESGOTO SANITÁRIO. AF_08/2022 CS:89796","  10,00 "," R$  50,75 "," R$  507,50 ","0,01033230268","99,47209452",C
01-13-02-338 C ,"TE, PVC, SERIE NORMAL, ESGOTO PREDIAL, DN 100 X 100 MM, JUNTA ELÁSTICA, FORNECIDO E INSTALADO EM RAMAL DE DESCARGA OU RAMAL DE ESGOTO SANITÁRIO. AF_08/2022 CS:89796","  10,00 "," R$  50,75 "," R$  507,50 ","0,01033230268","99,48242682",C
67-23-68-042 O H,PARES TRANSCEIVER GBIC LC 3KM MÓDULO SFP BIDIRECIONAL WDM 1550/1310 SMF,"  3,00 "," R$  166,48 "," R$  499,44 ","0,01016820739","99,49259503",C
64-23-74-159 O H,"SAÍDA HORIZONTAL PARA ELETRODUTO 1, INCLUINDO PARAFUSO, BUCHA E ARRUELA - FORNECIMENTO E INSTALAÇÃO","  50,00 "," R$  9,92 "," R$  496,00 ","0,01009817168","99,5026932",C
66-23-91-258 O ,"ASSENTO SANITÁRIO PNE POLIESTER BRANCOINCEPA OU SIMILAR TÉCNICO, FORNECIMENTOE INSTALAÇÃO","  1,00 "," R$  480,91 "," R$  480,91 ","0,009790951093","99,51248415",C
66-23-91-258 O ,"ASSENTO SANITÁRIO PNE POLIESTER BRANCOINCEPA OU SIMILAR TÉCNICO, FORNECIMENTOE INSTALAÇÃO","  1,00 "," R$  480,91 "," R$  480,91 ","0,009790951093","99,52227511",C
62-23-68-036 O H,BUCHA COM ARRUELA EM ZAMAK P/ELETRODUTO Ø 32 MM (1 1/4),"  40,00 "," R$  12,00 "," R$  480,00 ","0,009772424205","99,53204753",C
01-13-02-296 C ,"CURVA CURTA 90 GRAUS, PVC, SERIE NORMAL, ESGOTO PREDIAL, DN 100 MM, JUNTA ELÁSTICA, FORNECIDO E INSTALADO EM RAMAL DE DESCARGA OU RAMAL DE ESGOTO SANITÁRIO. AF_08/2022 CS: 89748","  10,00 "," R$  47,50 "," R$  475,00 ","0,00967062812","99,54171816",C
01-13-02-296 C ,"CURVA CURTA 90 GRAUS, PVC, SERIE NORMAL, ESGOTO PREDIAL, DN 100 MM, JUNTA ELÁSTICA, FORNECIDO E INSTALADO EM RAMAL DE DESCARGA OU RAMAL DE ESGOTO SANITÁRIO. AF_08/2022 CS: 89748","  10,00 "," R$  47,50 "," R$  475,00 ","0,00967062812","99,55138879",C
01-18-02-017 C ,"PINTURA TINTA DE ACABAMENTO (PIGMENTADA) A ÓLEO EM MADEIRA, 2 DEMÃOS. AF_01/2021 CS: 102217","  20,00 "," R$  23,48 "," R$  469,60 ","0,009560688348","99,56094947",C
63-21-11-123 O ,"SABONETEIRA EM AÇO INOXIDÁVEL PARA SABONETE LÍQUIDO A GRANEL, FIXADO EM PAREDE - FORNECIMENTO E INSTALAÇÃO","  1,00 "," R$  460,44 "," R$  460,44 ","0,009374197919","99,57032367",C
63-21-11-123 O ,"SABONETEIRA EM AÇO INOXIDÁVEL PARA SABONETE LÍQUIDO A GRANEL, FIXADO EM PAREDE - FORNECIMENTO E INSTALAÇÃO","  1,00 "," R$  460,44 "," R$  460,44 ","0,009374197919","99,57969787",C
63-21-11-123 O ,"SABONETEIRA EM AÇO INOXIDÁVEL PARA SABONETE LÍQUIDO A GRANEL, FIXADO EM PAREDE - FORNECIMENTO E INSTALAÇÃO","  1,00 "," R$  460,44 "," R$  460,44 ","0,009374197919","99,58907207",C
01-13-06-080 C ,"TORNEIRA CROMADA DE MESA PARA LAVATORIO, TIPO MONOCOMANDO. AF_01/2020 CS: 100853","  1,00 "," R$  451,83 "," R$  451,83 ","0,00919890506","99,59827097",C
01-13-06-080 C ,"TORNEIRA CROMADA DE MESA PARA LAVATORIO, TIPO MONOCOMANDO. AF_01/2020 CS: 100853","  1,00 "," R$  451,83 "," R$  451,83 ","0,00919890506","99,60746988",C
01-13-06-080 C ,"TORNEIRA CROMADA DE MESA PARA LAVATORIO, TIPO MONOCOMANDO. AF_01/2020 CS: 100853","  1,00 "," R$  451,83 "," R$  451,83 ","0,00919890506","99,61666878",C
01-13-10-003 C ,"FURO MANUAL EM ALVENARIA, PARA INSTALAÇÕES HIDRÁULICAS, DIÂMETROS MAIORES QUE 75 MM E MENORES OU IGUAIS A 100 MM. AF_09/2023 CS: 90438","  5,00 "," R$  80,91 "," R$  404,55 ","0,008236321276","99,6249051",C
01-13-10-003 C ,"FURO MANUAL EM ALVENARIA, PARA INSTALAÇÕES HIDRÁULICAS, DIÂMETROS MAIORES QUE 75 MM E MENORES OU IGUAIS A 100 MM. AF_09/2023 CS: 90438","  5,00 "," R$  80,91 "," R$  404,55 ","0,008236321276","99,63314143",C
01-13-10-003 C ,"FURO MANUAL EM ALVENARIA, PARA INSTALAÇÕES HIDRÁULICAS, DIÂMETROS MAIORES QUE 75 MM E MENORES OU IGUAIS A 100 MM. AF_09/2023 CS: 90438","  5,00 "," R$  80,91 "," R$  404,55 ","0,008236321276","99,64137775",C
62-23-65-063 O H,"TERMINAL DE PRESSÃO PARA CABOS 4,0MM2 TIPO OLHAL","  200,00 "," R$  2,00 "," R$  400,00 ","0,008143686838","99,64952143",C
01-21-03-007 C ,LIMPEZA DE REVESTIMENTO CERÂMICO EM PAREDE UTILIZANDO ÁCIDO MURIÁTICO. AF_04/2019 CS: 99808,"  75,00 "," R$  5,26 "," R$  394,50 ","0,008031711144","99,65755315",C
63-09-01-017 U H,TÊ PARA ELETROCALHA 300X100MM - FORNECIM ENTO E INSTALAÇÃO,"  3,00 "," R$  131,23 "," R$  393,69 ","0,008015220178","99,66556837",C
01-13-06-009 C ,SIFÃO DO TIPO GARRAFA EM METAL CROMADO 1 X 1.1/2 - FORNECIMENTO E INSTALAÇÃO. AF_01/2020 CS: 86881,"  2,00 "," R$  181,70 "," R$  363,40 ","0,007398539492","99,67296691",C
01-11-02-004 C H,"LUVA PARA ELETRODUTO, PVC, ROSCÁVEL, DN 40 MM (1 1/4), PARA CIRCUITOS TERMINAIS, INSTALADA EM FORRO - FORNECIMENTO E INSTALAÇÃO. AF_03/2023 CS: 91877","  35,00 "," R$  10,31 "," R$  360,85 ","0,007346623489","99,68031353",C
01-13-02-294 C ,"JOELHO 45 GRAUS, PVC, SERIE NORMAL, ESGOTO PREDIAL, DN 100 MM, JUNTA ELÁSTICA, FORNECIDO E INSTALADO EM RAMAL DE DESCARGA OU RAMAL DE ESGOTO SANITÁRIO. AF_08/2022 CS: 89746","  10,00 "," R$  33,84 "," R$  338,40 ","0,006889559065","99,68720309",C
01-13-02-294 C ,"JOELHO 45 GRAUS, PVC, SERIE NORMAL, ESGOTO PREDIAL, DN 100 MM, JUNTA ELÁSTICA, FORNECIDO E INSTALADO EM RAMAL DE DESCARGA OU RAMAL DE ESGOTO SANITÁRIO. AF_08/2022 CS: 89746","  10,00 "," R$  33,84 "," R$  338,40 ","0,006889559065","99,69409265",C
01-13-02-293 C ,"JOELHO 90 GRAUS, PVC, SERIE NORMAL, ESGOTO PREDIAL, DN 100 MM, JUNTA ELÁSTICA, FORNECIDO E INSTALADO EM RAMAL DE DESCARGA OU RAMAL DE ESGOTO SANITÁRIO. AF_08/2022 CS: 89744","  10,00 "," R$  33,03 "," R$  330,30 ","0,006724649406","99,7008173",C
01-13-02-293 C ,"JOELHO 90 GRAUS, PVC, SERIE NORMAL, ESGOTO PREDIAL, DN 100 MM, JUNTA ELÁSTICA, FORNECIDO E INSTALADO EM RAMAL DE DESCARGA OU RAMAL DE ESGOTO SANITÁRIO. AF_08/2022 CS: 89744","  10,00 "," R$  33,03 "," R$  330,30 ","0,006724649406","99,70754195",C
01-21-03-003 C ,LIMPEZA DE PISO CERÂMICO OU PORCELANATOUTILIZANDO DETERGENTE NEUTRO E ESCOVAÇÃO MANUAL. AF_04/2019 CS: 99804,"  45,06 "," R$  7,29 "," R$  328,49 ","0,006687746289","99,71422969",C
01-09-10-002 C ,"VERGA MOLDADA IN LOCO EM CONCRETO, ESPESSURA DE *20* CM. AF_03/2024 CS: 93187","  3,00 "," R$  101,14 "," R$  303,42 ","0,006177393651","99,72040709",C
01-09-10-002 C ,"VERGA MOLDADA IN LOCO EM CONCRETO, ESPESSURA DE *20* CM. AF_03/2024 CS: 93187","  3,00 "," R$  101,14 "," R$  303,42 ","0,006177393651","99,72658448",C
64-23-74-157 O H,"LUVA P/ ELETRODUTOS DE PVC CINZA, DIÂMETRO DE 32 MM (1)","  60,00 "," R$  4,82 "," R$  289,20 ","0,005887885584","99,73247236",C
01-13-03-164 C ,"CURVA 90 GRAUS, PVC, SOLDÁVEL, DN 40MM,INSTALADO EM RAMAL DE DISTRIBUIÇÃO DE ÁGUA - FORNECIMENTO E INSTALAÇÃO. AF_06/2022 CS: 103982","  10,00 "," R$  26,86 "," R$  268,60 ","0,005468485712","99,73794085",C
01-13-03-164 C ,"CURVA 90 GRAUS, PVC, SOLDÁVEL, DN 40MM,INSTALADO EM RAMAL DE DISTRIBUIÇÃO DE ÁGUA - FORNECIMENTO E INSTALAÇÃO. AF_06/2022 CS: 103982","  10,00 "," R$  26,86 "," R$  268,60 ","0,005468485712","99,74340934",C
01-11-02-017 C H,"CURVA 90 GRAUS PARA ELETRODUTO, PVC, ROSCÁVEL, DN 32 MM (1), PARA CIRCUITOS TERMINAIS, INSTALADA EM FORRO - FORNECIMENTO E INSTALAÇÃO. AF_03/2023 CS: 91893","  19,00 "," R$  13,89 "," R$  263,91 ","0,005373000983","99,74878234",C
01-18-02-017 C ,"PINTURA TINTA DE ACABAMENTO (PIGMENTADA) A ÓLEO EM MADEIRA, 2 DEMÃOS. AF_01/2021 CS: 102217","  11,10 "," R$  23,48 "," R$  260,63 ","0,005306182033","99,75408852",C
01-13-06-034 C ,"TORNEIRA CROMADA 1/2 OU 3/4 PARA TANQUE, PADRÃO MÉDIO - FORNECIMENTO E INSTALAÇÃO. AF_01/2020 CS: 86914","  2,00 "," R$  129,35 "," R$  258,70 ","0,005266929462","99,75935545",C
62-23-74-353 U ,LIXAMENTO DE SUPERFÍCIES DE MADEIRA EXISTE - ORSE/03963,"  20,00 "," R$  12,90 "," R$  258,00 ","0,00525267801","99,76460813",C
63-09-01-012 U H,CURVA 90º HORIZONTAL PARA ELETROCALHA 30 0X100MM - FORNECIMENTO E INSTALAÇÃO,"  4,00 "," R$  64,15 "," R$  256,60 ","0,005224175106","99,7698323",C
66-23-91-261 U ,VÁLVULA PARA LAVATÓRIO C-1602 CR DECA OU EQUIVALENTE TÉCNICO - FORNECIMENTO E INSTALAÇÃO,"  4,00 "," R$  62,74 "," R$  250,96 ","0,005109349122","99,77494165",C
62-23-74-047 O ,PAPELEIRA DE SOBREPOR EM POLIESTIRENO PARA PAPEL INTERFOLHADO - FORNECIMENTO E INSTALAÇÃO,"  3,00 "," R$  81,29 "," R$  243,87 ","0,004965002273","99,77990665",C
62-23-74-047 O ,PAPELEIRA DE SOBREPOR EM POLIESTIRENO PARA PAPEL INTERFOLHADO - FORNECIMENTO E INSTALAÇÃO,"  3,00 "," R$  81,29 "," R$  243,87 ","0,004965002273","99,78487166",C
62-23-74-047 O ,PAPELEIRA DE SOBREPOR EM POLIESTIRENO PARA PAPEL INTERFOLHADO - FORNECIMENTO E INSTALAÇÃO,"  3,00 "," R$  81,29 "," R$  243,87 ","0,004965002273","99,78983666",C
62-23-74-047 O ,PAPELEIRA DE SOBREPOR EM POLIESTIRENO PARA PAPEL INTERFOLHADO - FORNECIMENTO E INSTALAÇÃO,"  3,00 "," R$  81,29 "," R$  243,87 ","0,004965002273","99,79480166",C
01-21-03-003 C ,LIMPEZA DE PISO CERÂMICO OU PORCELANATOUTILIZANDO DETERGENTE NEUTRO E ESCOVAÇÃO MANUAL. AF_04/2019 CS: 99804,"  30,00 "," R$  7,29 "," R$  218,70 ","0,004452560779","99,79925422",C
01-13-02-724 C ,"TÊ, PVC, SOLDÁVEL, DN 40 MM INSTALADO EM RESERVAÇÃO PREDIAL DE ÁGUA - FORNECIMENTO E INSTALAÇÃO. AF_04/2024 CS: 94692","  10,00 "," R$  21,13 "," R$  211,30 ","0,004301902572","99,80355612",C
01-13-02-724 C ,"TÊ, PVC, SOLDÁVEL, DN 40 MM INSTALADO EM RESERVAÇÃO PREDIAL DE ÁGUA - FORNECIMENTO E INSTALAÇÃO. AF_04/2024 CS: 94692","  10,00 "," R$  21,13 "," R$  211,30 ","0,004301902572","99,80785803",C
01-21-03-007 C ,LIMPEZA DE REVESTIMENTO CERÂMICO EM PAREDE UTILIZANDO ÁCIDO MURIÁTICO. AF_04/2019 CS: 99808,"  40,00 "," R$  5,26 "," R$  210,40 ","0,004283579277","99,81214161",C
01-07-01-021 C ,"FECHADURA DE EMBUTIR PARA PORTA DE BANHEIRO, COMPLETA, ACABAMENTO PADRÃO MÉDIO,INCLUSO EXECUÇÃO DE FURO - FORNECIMENTOE INSTALAÇÃO. AF_12/2019 CS: 90831","  1,00 "," R$  210,09 "," R$  210,09 ","0,004277267919","99,81641887",C
01-07-01-021 C ,"FECHADURA DE EMBUTIR PARA PORTA DE BANHEIRO, COMPLETA, ACABAMENTO PADRÃO MÉDIO,INCLUSO EXECUÇÃO DE FURO - FORNECIMENTOE INSTALAÇÃO. AF_12/2019 CS: 90831","  1,00 "," R$  210,09 "," R$  210,09 ","0,004277267919","99,82069614",C
66-23-68-083 U H,RÉGUAS DE TOMADAS COM 8 PONTOS,"  2,00 "," R$  103,94 "," R$  207,88 ","0,00423227405","99,82492841",C
01-13-03-165 C ,"CURVA 45 GRAUS, PVC, SOLDÁVEL, DN 40MM,INSTALADO EM RAMAL DE DISTRIBUIÇÃO DE ÁGUA - FORNECIMENTO E INSTALAÇÃO. AF_06/2022 CS: 103983","  10,00 "," R$  20,50 "," R$  205,00 ","0,004173639504","99,82910205",C
01-13-03-165 C ,"CURVA 45 GRAUS, PVC, SOLDÁVEL, DN 40MM,INSTALADO EM RAMAL DE DISTRIBUIÇÃO DE ÁGUA - FORNECIMENTO E INSTALAÇÃO. AF_06/2022 CS: 103983","  10,00 "," R$  20,50 "," R$  205,00 ","0,004173639504","99,83327569",C
62-23-65-091 O H,ANILHA LETRAS DIVERSAS PARA CABO UTP,"  200,00 "," R$  1,02 "," R$  204,00 ","0,004153280287","99,83742897",C
01-13-02-320 C ,"LUVA SIMPLES, PVC, SERIE NORMAL, ESGOTOPREDIAL, DN 100 MM, JUNTA ELÁSTICA, FORNECIDO E INSTALADO EM RAMAL DE DESCARGA OU RAMAL DE ESGOTO SANITÁRIO. AF_08/2022CS: 89778","  10,00 "," R$  20,26 "," R$  202,60 ","0,004124777383","99,84155375",C
01-13-02-320 C ,"LUVA SIMPLES, PVC, SERIE NORMAL, ESGOTOPREDIAL, DN 100 MM, JUNTA ELÁSTICA, FORNECIDO E INSTALADO EM RAMAL DE DESCARGA OU RAMAL DE ESGOTO SANITÁRIO. AF_08/2022CS: 89778","  10,00 "," R$  20,26 "," R$  202,60 ","0,004124777383","99,84567853",C
01-13-06-015 C ,"ENGATE FLEXÍVEL EM INOX, 1/2  X 40CM - FORNECIMENTO E INSTALAÇÃO. AF_01/2020 CS: 86887","  4,00 "," R$  49,70 "," R$  198,80 ","0,004047412358","99,84972594",C
01-21-03-007 C ,LIMPEZA DE REVESTIMENTO CERÂMICO EM PAREDE UTILIZANDO ÁCIDO MURIÁTICO. AF_04/2019 CS: 99808,"  37,00 "," R$  5,26 "," R$  194,62 ","0,003962310831","99,85368825",C
66-23-91-261 U ,VÁLVULA PARA LAVATÓRIO C-1602 CR DECA OU EQUIVALENTE TÉCNICO - FORNECIMENTO E INSTALAÇÃO,"  3,00 "," R$  62,74 "," R$  188,22 ","0,003832011842","99,85752026",C
01-13-06-009 C ,SIFÃO DO TIPO GARRAFA EM METAL CROMADO 1 X 1.1/2 - FORNECIMENTO E INSTALAÇÃO. AF_01/2020 CS: 86881,"  1,00 "," R$  181,70 "," R$  181,70 ","0,003699269746","99,86121953",C
01-13-06-009 C ,SIFÃO DO TIPO GARRAFA EM METAL CROMADO 1 X 1.1/2 - FORNECIMENTO E INSTALAÇÃO. AF_01/2020 CS: 86881,"  1,00 "," R$  181,70 "," R$  181,70 ","0,003699269746","99,8649188",C
01-13-06-009 C ,SIFÃO DO TIPO GARRAFA EM METAL CROMADO 1 X 1.1/2 - FORNECIMENTO E INSTALAÇÃO. AF_01/2020 CS: 86881,"  1,00 "," R$  181,70 "," R$  181,70 ","0,003699269746","99,86861807",C
01-13-06-009 C ,SIFÃO DO TIPO GARRAFA EM METAL CROMADO 1 X 1.1/2 - FORNECIMENTO E INSTALAÇÃO. AF_01/2020 CS: 86881,"  1,00 "," R$  181,70 "," R$  181,70 ","0,003699269746","99,87231734",C
01-13-02-324 C ,"TE, PVC, SERIE NORMAL, ESGOTO PREDIAL, DN 40 X 40 MM, JUNTA SOLDÁVEL, FORNECIDOE INSTALADO EM RAMAL DE DESCARGA OU RAMAL DE ESGOTO SANITÁRIO. AF_08/2022 CS: 89782","  10,00 "," R$  18,13 "," R$  181,30 ","0,003691126059","99,87600847",C
01-13-02-324 C ,"TE, PVC, SERIE NORMAL, ESGOTO PREDIAL, DN 40 X 40 MM, JUNTA SOLDÁVEL, FORNECIDOE INSTALADO EM RAMAL DE DESCARGA OU RAMAL DE ESGOTO SANITÁRIO. AF_08/2022 CS: 89782","  10,00 "," R$  18,13 "," R$  181,30 ","0,003691126059","99,8796996",C
66-23-91-017 U ,LONA PLÁSTICA PRETA ESP.= 150 MICRAS (ORSE/3642),"  22,00 "," R$  8,19 "," R$  180,18 ","0,003668323736","99,88336792",C
66-23-68-017 U H,"TOMADA PARA REDES DE INFORMÁTICA E DE TELEFONIA DO SISTEMA X, COM 2 RJ45 LCS2 CA T.6","  2,00 "," R$  85,69 "," R$  171,38 ","0,003489162626","99,88685708",C
01-13-06-030 C ,"TORNEIRA CROMADA TUBO MÓVEL, DE MESA, 1/2 OU 3/4, PARA PIA DE COZINHA, PADRÃO ALTO - FORNECIMENTO E INSTALAÇÃO. AF_01/2020 CS: 86909","  1,00 "," R$  170,74 "," R$  170,74 ","0,003476132727","99,89033321",C
67-23-68-044 O H,EXTENSÕES ÓPTICAS SIMPLEX SM CONECTORIZADAS LC PARA DIO,"  2,00 "," R$  79,24 "," R$  158,48 ","0,003226528725","99,89355974",C
01-13-02-277 C ,"CURVA CURTA 90 GRAUS, PVC, SERIE NORMAL, ESGOTO PREDIAL, DN 40 MM, JUNTA SOLDÁVEL, FORNECIDO E INSTALADO EM RAMAL DE DESCARGA OU RAMAL DE ESGOTO SANITÁRIO. AF_08/2022 CS: 89728","  10,00 "," R$  15,53 "," R$  155,30 ","0,003161786415","99,89672153",C
01-13-02-277 C ,"CURVA CURTA 90 GRAUS, PVC, SERIE NORMAL, ESGOTO PREDIAL, DN 40 MM, JUNTA SOLDÁVEL, FORNECIDO E INSTALADO EM RAMAL DE DESCARGA OU RAMAL DE ESGOTO SANITÁRIO. AF_08/2022 CS: 89728","  10,00 "," R$  15,53 "," R$  155,30 ","0,003161786415","99,89988332",C
01-21-03-003 C ,LIMPEZA DE PISO CERÂMICO OU PORCELANATOUTILIZANDO DETERGENTE NEUTRO E ESCOVAÇÃO MANUAL. AF_04/2019 CS: 99804,"  20,64 "," R$  7,29 "," R$  150,47 ","0,003063361816","99,90294668",C
01-13-06-015 C ,"ENGATE FLEXÍVEL EM INOX, 1/2  X 40CM - FORNECIMENTO E INSTALAÇÃO. AF_01/2020 CS: 86887","  3,00 "," R$  49,70 "," R$  149,10 ","0,003035559269","99,90598224",C
01-13-06-015 C ,"ENGATE FLEXÍVEL EM INOX, 1/2  X 40CM - FORNECIMENTO E INSTALAÇÃO. AF_01/2020 CS: 86887","  3,00 "," R$  49,70 "," R$  149,10 ","0,003035559269","99,9090178",C
01-21-03-003 C ,LIMPEZA DE PISO CERÂMICO OU PORCELANATOUTILIZANDO DETERGENTE NEUTRO E ESCOVAÇÃO MANUAL. AF_04/2019 CS: 99804,"  19,79 "," R$  7,29 "," R$  144,27 ","0,002937205927","99,911955",C
62-23-68-040 U H,"ETIQUETA ADESIVA COM IDENTIFICAÇÃO DE VOLTAGEM CABO DE REDE E TV, ROTEADOR, SOM, FIOS, CONECTORES E ETC","  180,00 "," R$  0,80 "," R$  144,00 ","0,002931727262","99,91488673",C
62-23-74-353 U ,LIXAMENTO DE SUPERFÍCIES DE MADEIRA EXISTE - ORSE/03963,"  11,10 "," R$  12,90 "," R$  143,19 ","0,002915236296","99,91780197",C
01-13-02-275 C ,"JOELHO 45 GRAUS, PVC, SERIE NORMAL, ESGOTO PREDIAL, DN 40 MM, JUNTA SOLDÁVEL, FORNECIDO E INSTALADO EM RAMAL DE DESCARGA OU RAMAL DE ESGOTO SANITÁRIO. AF_08/2022 CS: 89726","  10,00 "," R$  12,94 "," R$  129,40 ","0,002634482692","99,92043645",C
01-13-02-275 C ,"JOELHO 45 GRAUS, PVC, SERIE NORMAL, ESGOTO PREDIAL, DN 40 MM, JUNTA SOLDÁVEL, FORNECIDO E INSTALADO EM RAMAL DE DESCARGA OU RAMAL DE ESGOTO SANITÁRIO. AF_08/2022 CS: 89726","  10,00 "," R$  12,94 "," R$  129,40 ","0,002634482692","99,92307093",C
01-13-06-034 C ,"TORNEIRA CROMADA 1/2 OU 3/4 PARA TANQUE, PADRÃO MÉDIO - FORNECIMENTO E INSTALAÇÃO. AF_01/2020 CS: 86914","  1,00 "," R$  129,35 "," R$  129,35 ","0,002633464731","99,9257044",C
01-13-06-034 C ,"TORNEIRA CROMADA 1/2 OU 3/4 PARA TANQUE, PADRÃO MÉDIO - FORNECIMENTO E INSTALAÇÃO. AF_01/2020 CS: 86914","  1,00 "," R$  129,35 "," R$  129,35 ","0,002633464731","99,92833786",C
63-09-01-012 U H,CURVA 90º HORIZONTAL PARA ELETROCALHA 300X100MM - FORNECIMENTO E INSTALAÇÃO,"  2,00 "," R$  64,15 "," R$  128,30 ","0,002612087553","99,93094995",C
01-13-02-273 C ,"JOELHO 90 GRAUS, PVC, SERIE NORMAL, ESGOTO PREDIAL, DN 40 MM, JUNTA SOLDÁVEL, FORNECIDO E INSTALADO EM RAMAL DE DESCARGA OU RAMAL DE ESGOTO SANITÁRIO. AF_08/2022 CS: 89724","  10,00 "," R$  12,73 "," R$  127,30 ","0,002591728336","99,93354168",C
01-13-02-273 C ,"JOELHO 90 GRAUS, PVC, SERIE NORMAL, ESGOTO PREDIAL, DN 40 MM, JUNTA SOLDÁVEL, FORNECIDO E INSTALADO EM RAMAL DE DESCARGA OU RAMAL DE ESGOTO SANITÁRIO. AF_08/2022 CS: 89724","  10,00 "," R$  12,73 "," R$  127,30 ","0,002591728336","99,9361334",C
64-23-74-164 O H,PARAFUSO CABEÇA LENTILHA AUTO TRAV 1/4 X 1/2,"  190,00 "," R$  0,64 "," R$  121,60 ","0,002475680799","99,93860909",C
63-09-01-026 O H,REDUÇÃO CONCÊNTRICA PARA ELETROCALHA 200X100MM - 100X100MM - FORNECIMENTO E INSTALAÇÃO,"  4,00 "," R$  29,73 "," R$  118,92 ","0,002421118097","99,9410302",C
01-13-08-007 C ,"REGISTRO DE PRESSÃO BRUTO, LATÃO, ROSCÁVEL, 3/4, COM ACABAMENTO E CANOPLA CROMADOS - FORNECIMENTO E INSTALAÇÃO. AF_08/2021 CS: 89985","  1,00 "," R$  114,33 "," R$  114,33 ","0,00232766929","99,94335787",C
01-13-08-007 C ,"REGISTRO DE PRESSÃO BRUTO, LATÃO, ROSCÁVEL, 3/4, COM ACABAMENTO E CANOPLA CROMADOS - FORNECIMENTO E INSTALAÇÃO. AF_08/2021 CS: 89985","  1,00 "," R$  114,33 "," R$  114,33 ","0,00232766929","99,94568554",C
01-13-08-007 C ,"REGISTRO DE PRESSÃO BRUTO, LATÃO, ROSCÁVEL, 3/4, COM ACABAMENTO E CANOPLA CROMADOS - FORNECIMENTO E INSTALAÇÃO. AF_08/2021 CS: 89985","  1,00 "," R$  114,33 "," R$  114,33 ","0,00232766929","99,94801321",C
01-13-02-299 C ,"LUVA SIMPLES, PVC, SERIE NORMAL, ESGOTOPREDIAL, DN 40 MM, JUNTA SOLDÁVEL, FORNECIDO E INSTALADO EM RAMAL DE DESCARGA OU RAMAL DE ESGOTO SANITÁRIO. AF_08/2022 CS: 89752","  10,00 "," R$  9,31 "," R$  93,10 ","0,001895443111","99,94990865",C
01-13-02-299 C ,"LUVA SIMPLES, PVC, SERIE NORMAL, ESGOTOPREDIAL, DN 40 MM, JUNTA SOLDÁVEL, FORNECIDO E INSTALADO EM RAMAL DE DESCARGA OU RAMAL DE ESGOTO SANITÁRIO. AF_08/2022 CS: 89752","  10,00 "," R$  9,31 "," R$  93,10 ","0,001895443111","99,9518041",C
01-13-02-105 C ,"JOELHO 45 GRAUS, PVC, SERIE R, ÁGUA PLUVIAL, DN 40 MM, JUNTA SOLDÁVEL, FORNECIDO E INSTALADO EM RAMAL DE ENCAMINHAMENTO. AF_06/2022 CS: 89516","  10,00 "," R$  9,16 "," R$  91,60 ","0,001864904286","99,953669",C
01-13-02-105 C ,"JOELHO 45 GRAUS, PVC, SERIE R, ÁGUA PLUVIAL, DN 40 MM, JUNTA SOLDÁVEL, FORNECIDO E INSTALADO EM RAMAL DE ENCAMINHAMENTO. AF_06/2022 CS: 89516","  10,00 "," R$  9,16 "," R$  91,60 ","0,001864904286","99,95553391",C
01-13-02-103 C ,"JOELHO 90 GRAUS, PVC, SERIE R, ÁGUA PLUVIAL, DN 40 MM, JUNTA SOLDÁVEL, FORNECIDO E INSTALADO EM RAMAL DE ENCAMINHAMENTO. AF_06/2022 CS: 89514","  10,00 "," R$  9,08 "," R$  90,80 ","0,001848616912","99,95738252",C
01-13-02-103 C ,"JOELHO 90 GRAUS, PVC, SERIE R, ÁGUA PLUVIAL, DN 40 MM, JUNTA SOLDÁVEL, FORNECIDO E INSTALADO EM RAMAL DE ENCAMINHAMENTO. AF_06/2022 CS: 89514","  10,00 "," R$  9,08 "," R$  90,80 ","0,001848616912","99,95923114",C
01-13-02-127 C ,"LUVA SIMPLES, PVC, SERIE R, ÁGUA PLUVIAL, DN 40 MM, JUNTA SOLDÁVEL, FORNECIDO EINSTALADO EM RAMAL DE ENCAMINHAMENTO. AF_06/2022 CS: 89544","  10,00 "," R$  8,93 "," R$  89,30 ","0,001818078087","99,96104922",C
01-13-02-127 C ,"LUVA SIMPLES, PVC, SERIE R, ÁGUA PLUVIAL, DN 40 MM, JUNTA SOLDÁVEL, FORNECIDO EINSTALADO EM RAMAL DE ENCAMINHAMENTO. AF_06/2022 CS: 89544","  10,00 "," R$  8,93 "," R$  89,30 ","0,001818078087","99,9628673",C
01-21-03-007 C ,LIMPEZA DE REVESTIMENTO CERÂMICO EM PAREDE UTILIZANDO ÁCIDO MURIÁTICO. AF_04/2019 CS: 99808,"  16,95 "," R$  5,26 "," R$  89,16 ","0,001815166718","99,96468246",C
01-21-03-007 C ,LIMPEZA DE REVESTIMENTO CERÂMICO EM PAREDE UTILIZANDO ÁCIDO MURIÁTICO. AF_04/2019 CS: 99808,"  16,00 "," R$  5,26 "," R$  84,16 ","0,001713431711","99,96639589",C
62-23-74-047 O ,PAPELEIRA DE SOBREPOR EM POLIESTIRENO PARA PAPEL INTERFOLHADO - FORNECIMENTO E INSTALAÇÃO,"  1,00 "," R$  81,29 "," R$  81,29 ","0,001655000758","99,9680509",C
62-23-74-047 O ,PAPELEIRA DE SOBREPOR EM POLIESTIRENO PARA PAPEL INTERFOLHADO - FORNECIMENTO E INSTALAÇÃO,"  1,00 "," R$  81,29 "," R$  81,29 ","0,001655000758","99,9697059",C
62-23-74-047 O ,PAPELEIRA DE SOBREPOR EM POLIESTIRENO PARA PAPEL INTERFOLHADO - FORNECIMENTO E INSTALAÇÃO,"  1,00 "," R$  81,29 "," R$  81,29 ","0,001655000758","99,9713609",C
62-23-68-040 U H,"ETIQUETA ADESIVA COM IDENTIFICAÇÃO DE VOLTAGEM CABO DE REDE E TV, ROTEADOR, SOM, FIOS, CONECTORES E ETC","  100,00 "," R$  0,80 "," R$  80,00 ","0,001628737368","99,97298963",C
01-22-01-023 C ,"REMOÇÃO DE PORTAS, DE FORMA MANUAL, SEMREAPROVEITAMENTO. AF_09/2023 CS: 97644","  5,67 "," R$  13,30 "," R$  75,41 ","0,00153530892","99,97452494",C
66-23-91-313 U ,REMOÇÃO DE PIA DE INOX (ORSE 09602),"  2,00 "," R$  35,09 "," R$  70,18 ","0,001428809856","99,97595375",C
66-23-91-261 U ,VÁLVULA PARA LAVATÓRIO C-1602 CR DECA OU EQUIVALENTE TÉCNICO - FORNECIMENTO E INSTALAÇÃO,"  1,00 "," R$  62,74 "," R$  62,74 ","0,001277337281","99,97723109",C
66-23-91-261 U ,VÁLVULA PARA LAVATÓRIO C-1602 CR DECA OU EQUIVALENTE TÉCNICO - FORNECIMENTO E INSTALAÇÃO,"  1,00 "," R$  62,74 "," R$  62,74 ","0,001277337281","99,97850843",C
66-23-91-261 U ,VÁLVULA PARA LAVATÓRIO C-1602 CR DECA OU EQUIVALENTE TÉCNICO - FORNECIMENTO E INSTALAÇÃO,"  1,00 "," R$  62,74 "," R$  62,74 ","0,001277337281","99,97978576",C
66-23-91-261 U ,VÁLVULA PARA LAVATÓRIO C-1602 CR DECA OU EQUIVALENTE TÉCNICO - FORNECIMENTO E INSTALAÇÃO,"  1,00 "," R$  62,74 "," R$  62,74 ","0,001277337281","99,9810631",C
65-21-05-733 O ,REMOÇÃO DE VASO SANITÁRIO SEM REAPROVEI_TAMENTO,"  4,00 "," R$  15,02 "," R$  60,08 ","0,001223181763","99,98228628",C
01-21-03-007 C ,LIMPEZA DE REVESTIMENTO CERÂMICO EM PAREDE UTILIZANDO ÁCIDO MURIÁTICO. AF_04/2019 CS: 99808,"  10,00 "," R$  5,26 "," R$  52,60 ","0,001070894819","99,98335718",C
01-13-06-015 C ,"ENGATE FLEXÍVEL EM INOX, 1/2  X 40CM - FORNECIMENTO E INSTALAÇÃO. AF_01/2020 CS: 86887","  1,00 "," R$  49,70 "," R$  49,70 ","0,00101185309","99,98436903",C
01-13-06-015 C ,"ENGATE FLEXÍVEL EM INOX, 1/2  X 40CM - FORNECIMENTO E INSTALAÇÃO. AF_01/2020 CS: 86887","  1,00 "," R$  49,70 "," R$  49,70 ","0,00101185309","99,98538089",C
01-13-06-015 C ,"ENGATE FLEXÍVEL EM INOX, 1/2  X 40CM - FORNECIMENTO E INSTALAÇÃO. AF_01/2020 CS: 86887","  1,00 "," R$  49,70 "," R$  49,70 ","0,00101185309","99,98639274",C
01-13-06-015 C ,"ENGATE FLEXÍVEL EM INOX, 1/2  X 40CM - FORNECIMENTO E INSTALAÇÃO. AF_01/2020 CS: 86887","  1,00 "," R$  49,70 "," R$  49,70 ","0,00101185309","99,98740459",C
62-23-65-077 O H,PARAFUSOS COM BUCHA S8 - FORNECIMENTO E INSTALAÇÃO,"  130,00 "," R$  0,37 "," R$  48,10 ","0,0009792783422","99,98838387",C
01-13-05-006 C ,"RALO SIFONADO, PVC, DN 100 X 40 MM, JUNTA SOLDÁVEL, FORNECIDO E INSTALADO EM RAMAL DE DESCARGA OU EM RAMAL DE ESGOTO SANITÁRIO. AF_08/2022 CS: 89709","  2,00 "," R$  23,66 "," R$  47,32 ","0,0009633981529","99,98934727",C
01-13-05-006 C ,"RALO SIFONADO, PVC, DN 100 X 40 MM, JUNTA SOLDÁVEL, FORNECIDO E INSTALADO EM RAMAL DE DESCARGA OU EM RAMAL DE ESGOTO SANITÁRIO. AF_08/2022 CS: 89709","  2,00 "," R$  23,66 "," R$  47,32 ","0,0009633981529","99,99031067",C
65-21-05-733 O ,REMOÇÃO DE VASO SANITÁRIO SEM REAPROVEI_TAMENTO,"  3,00 "," R$  15,02 "," R$  45,06 ","0,0009173863223","99,99122805",C
65-21-05-733 O ,REMOÇÃO DE VASO SANITÁRIO SEM REAPROVEI_TAMENTO,"  3,00 "," R$  15,02 "," R$  45,06 ","0,0009173863223","99,99214544",C
65-21-05-733 O ,REMOÇÃO DE VASO SANITÁRIO SEM REAPROVEI_TAMENTO,"  3,00 "," R$  15,02 "," R$  45,06 ","0,0009173863223","99,99306282",C
01-21-03-003 C ,LIMPEZA DE PISO CERÂMICO OU PORCELANATOUTILIZANDO DETERGENTE NEUTRO E ESCOVAÇÃO MANUAL. AF_04/2019 CS: 99804,"  6,00 "," R$  7,29 "," R$  43,74 ","0,0008905121557","99,99395334",C
01-21-03-003 C ,LIMPEZA DE PISO CERÂMICO OU PORCELANATOUTILIZANDO DETERGENTE NEUTRO E ESCOVAÇÃO MANUAL. AF_04/2019 CS: 99804,"  5,94 "," R$  7,29 "," R$  43,30 ","0,0008816070342","99,99483494",C
01-21-03-003 C ,LIMPEZA DE PISO CERÂMICO OU PORCELANATOUTILIZANDO DETERGENTE NEUTRO E ESCOVAÇÃO MANUAL. AF_04/2019 CS: 99804,"  5,02 "," R$  7,29 "," R$  36,60 ","0,0007450618369","99,99558001",C
62-23-74-055 O ,RETIRADA DE ESPELHO,"  1,50 "," R$  18,34 "," R$  27,51 ","0,0005600820623","99,99614009",C
62-23-74-055 O ,RETIRADA DE ESPELHO,"  1,50 "," R$  18,34 "," R$  27,51 ","0,0005600820623","99,99670017",C
62-23-74-055 O ,RETIRADA DE ESPELHO,"  1,44 "," R$  18,34 "," R$  26,41 ","0,0005376787798","99,99723785",C
66-23-91-313 U ,REMOÇÃO DE PIA DE INOX (ORSE 09602),"  0,72 "," R$  35,09 "," R$  25,26 ","0,000514371548","99,99775222",C
01-22-01-023 C ,"REMOÇÃO DE PORTAS, DE FORMA MANUAL, SEMREAPROVEITAMENTO. AF_09/2023 CS: 97644","  1,89 "," R$  13,30 "," R$  25,14 ","0,0005117696401","99,99826399",C
01-22-01-023 C ,"REMOÇÃO DE PORTAS, DE FORMA MANUAL, SEMREAPROVEITAMENTO. AF_09/2023 CS: 97644","  1,89 "," R$  13,30 "," R$  25,14 ","0,0005117696401","99,99877576",C
01-13-05-006 C ,"RALO SIFONADO, PVC, DN 100 X 40 MM, JUNTA SOLDÁVEL, FORNECIDO E INSTALADO EM RAMAL DE DESCARGA OU EM RAMAL DE ESGOTO SANITÁRIO. AF_08/2022 CS: 89709","  1,00 "," R$  23,66 "," R$  23,66 ","0,0004816990765","99,99925746",C
01-22-01-023 C ,"REMOÇÃO DE PORTAS, DE FORMA MANUAL, SEMREAPROVEITAMENTO. AF_09/2023 CS: 97644","  1,47 "," R$  13,30 "," R$  19,55 ","0,0003980430534","99,9996555",C
01-23-01-020 C ,"REMOÇÃO DE FORROS DE DRYWALL, PVC E FIBROMINERAL, DE FORMA MANUAL, SEM REAPROVEITAMENTO. AF_12/2017 CS: 97640","  3,85 "," R$  2,86 "," R$  11,01 ","0,0002241753394","99,99987968",C
62-23-74-315 U ,RETIRADA DE TORNEIRA,"  1,00 "," R$  5,91 "," R$  5,91 ","0,000120322973",100,C